"title","job","salary","company","workday","date","startTime","endTime"
"【日払い相談可】綺麗な倉庫での格納・★フォークオペ大募集★","倉庫内・軽作業系 / フォークリフトオペレーター","日給12000円","株式会社インパクト","12/4～【08:00～17:00 / 実働8時間】","12/4","08:00","17:00"
"車・バイク通勤ＯＫ！！倉庫内でのリーチフォーク作業等★","倉庫内・軽作業系 / フォークリフトオペレーター","時給1500円","株式会社インパクト","12/4～【09:00～18:00 / 実働8時間】","12/4","09:00","18:00"
"☆現地日払相談可☆日給15000円以上！！★大田区3ｔ箱車ドライバー★","運送・ドライバー系 / ドライバー","日給15000円","株式会社インパクト","12/4～【07:30～16:30 / 実働8時間】","12/4","07:30","16:30"
"【現地払い相談可】日収12,000円★リーチフォークリフトメイン★","倉庫内・軽作業系 / フォークリフトオペレーター","日給12000円","株式会社インパクト","12/4～【08:00～17:00 / 実働8時間】","12/4","08:00","17:00"
"毎日お給料日　日払い当日手渡し対応　菊名駅からすぐあなたの笑顔も一緒に配達してください！","飲食・フード系 / フードデリバリースタッフ","時給1100円","株式会社コメドール","12/3～【10:30～20:00 / 実働8時間】","12/3","10:30","20:00"
"★柏市周辺★　時給1100円　★　自販機への飲料投入補助作業","運送・ドライバー系 / ドライバー助手・横乗","時給1100円","株式会社マイワーク","12/1～【08:00～17:00 / 実働8時間】","12/1","08:00","17:00"
"■大田区池上エリア■高齢者向けお弁当のルート配送　時給1350円","運送・ドライバー系 / デリバリー・配送補助","時給1350円","株式会社ソフィアマックス","12/7～【13:00～18:00 / 実働5時間】","12/7","13:00","18:00"
"■荒川区台東区エリア■高齢者向けお弁当のルート配送　時給1350円","運送・ドライバー系 / デリバリー・配送補助","時給1350円","株式会社ソフィアマックス","12/7～【09:00～18:00 / 実働7時間30分】","12/7","09:00","18:00"
"日払いＯＫ♪人気の配送助手☆時給1020円＆交通費一部支給☆","運送・ドライバー系 / デリバリー・配送補助","時給1020円","株式会社アシスト","12/3～【08:45～15:45 / 実働6時間】","12/3","08:45","15:45"
"ドミノ・ピザ　浦和常盤店★フードデリバリー★原付スクーター★日払い（当日手渡し）★北浦和駅★時給1,100円","飲食・フード系 / フードデリバリースタッフ","時給1100円","株式会社Lucky","12/5～【16:00～21:00 / 実働5時間】","12/5","16:00","21:00"
"かさねや　仙川店★フードデリバリー★三輪原付スクーター★日払い（当日手渡し）★仙川駅★時給1,150円","飲食・フード系 / フードデリバリースタッフ","時給1150円","株式会社SBIC","12/13～【17:00～22:00 / 実働5時間】","12/13","17:00","22:00"
"大漁丼家　新宿西落合店★フードデリバリー★原付スクーター★日払い（当日手渡し）★落合南長崎駅★時給1,040円 /深夜1,300円","飲食・フード系 / フードデリバリースタッフ","時給1040円","株式会社リブラス","12/1～【22:00～02:00 / 実働4時間】","12/1","22:00","02:00"
"かさねや　仙川店★フードデリバリー★三輪原付スクーター★日払い（当日手渡し）★仙川駅★時給1,150円","飲食・フード系 / フードデリバリースタッフ","時給1150円","株式会社SBIC","12/6～【17:00～22:00 / 実働5時間】","12/6","17:00","22:00"
"ガスト　西寺尾店★フードデリバリー★三輪原付スクーター★日払い（翌日振込み）★大口駅★時給1,162円","飲食・フード系 / フードデリバリースタッフ","時給1162円","株式会社すかいらーくレストランツ","12/13～【16:00～21:00 / 実働5時間】","12/13","16:00","21:00"
"築地天ぴん　熊谷店★フードデリバリー★三輪原付スクーター★日払い（当日手渡し）★熊谷駅★時給950円","飲食・フード系 / フードデリバリースタッフ","時給950円","築地天ぴん","12/5～【17:00～21:00 / 実働4時間】","12/5","17:00","21:00"
"ドミノ・ピザ　守谷店★フードデリバリー★原付スクーター★日払い（当日手渡し）★守谷駅★時給1,000円","飲食・フード系 / フードデリバリースタッフ","時給1000円","ドミノ・ピザ","12/8～【11:00～21:00 / 実働8時間】","12/8","11:00","21:00"
"ドミノ・ピザ　守谷店★フードデリバリー★原付スクーター★日払い（当日手渡し）★守谷駅★時給1,000円","飲食・フード系 / フードデリバリースタッフ","時給1000円","ドミノ・ピザ","12/9～【11:00～21:00 / 実働8時間】","12/9","11:00","21:00"
"ドミノ・ピザ　守谷店★フードデリバリー★原付スクーター★日払い（当日手渡し）★守谷駅★時給1,000円 /深夜1,250円","飲食・フード系 / フードデリバリースタッフ","時給1000円","ドミノ・ピザ","12/10～【18:00～23:30 / 実働5時間】","12/10","18:00","23:30"
"ドミノ・ピザ　守谷店★フードデリバリー★原付スクーター★日払い（当日手渡し）★守谷駅★時給1,000円","飲食・フード系 / フードデリバリースタッフ","時給1000円","ドミノ・ピザ","12/18～【10:00～15:00 / 実働5時間】","12/18","10:00","15:00"
"ドミノ・ピザ　守谷店★フードデリバリー★原付スクーター★日払い（当日手渡し）★守谷駅★時給1,000円","飲食・フード系 / フードデリバリースタッフ","時給1000円","ドミノ・ピザ","12/26～【11:00～21:00 / 実働8時間】","12/26","11:00","21:00"
"ドミノ・ピザ　守谷店★フードデリバリー★原付スクーター★日払い（当日手渡し）★守谷駅★時給1,000円","飲食・フード系 / フードデリバリースタッフ","時給1000円","ドミノ・ピザ","1/3～【11:00～21:00 / 実働8時間】","1/3","11:00","21:00"
"ドミノ・ピザ　守谷店★フードデリバリー★原付スクーター★日払い（当日手渡し）★守谷駅★時給1,000円 /深夜1,250円","飲食・フード系 / フードデリバリースタッフ","時給1000円","ドミノ・ピザ","1/3～【18:00～23:30 / 実働5時間】","1/3","18:00","23:30"
"ドミノ・ピザ　守谷店★フードデリバリー★原付スクーター★日払い（当日手渡し）★守谷駅★時給1,000円","飲食・フード系 / フードデリバリースタッフ","時給1000円","ドミノ・ピザ","1/5～【10:00～15:00 / 実働5時間】","1/5","10:00","15:00"
"ガスト　大和鶴間店★フードデリバリー★三輪原付スクーター★日払い（翌日振込み）★鶴間駅★時給1,122円","飲食・フード系 / フードデリバリースタッフ","時給1122円","株式会社すかいらーくレストランツ","12/11～【17:00～21:30 / 実働4時間】","12/11","17:00","21:30"
"ドミノ・ピザ　古河第六小学校前店★フードデリバリー★原付スクーター★日払い（当日手渡し）★古河駅★時給950円 /深夜1,188円","飲食・フード系 / フードデリバリースタッフ","時給950円","ドミノ・ピザ","12/1～【18:00～00:30 / 実働5時間】","12/1","18:00","00:30"
"ドミノ・ピザ　古河第六小学校前店★フードデリバリー★原付スクーター★日払い（当日手渡し）★古河駅★時給950円","飲食・フード系 / フードデリバリースタッフ","時給950円","ドミノ・ピザ","12/1～【10:00～15:00 / 実働5時間】","12/1","10:00","15:00"
"ドミノ・ピザ　古河第六小学校前店★フードデリバリー★原付スクーター★日払い（当日手渡し）★古河駅★時給950円","飲食・フード系 / フードデリバリースタッフ","時給950円","ドミノ・ピザ","12/7～【10:00～15:00 / 実働5時間】","12/7","10:00","15:00"
"ドミノ・ピザ　古河第六小学校前店★フードデリバリー★原付スクーター★日払い（当日手渡し）★古河駅★時給950円","飲食・フード系 / フードデリバリースタッフ","時給950円","ドミノ・ピザ","12/8～【11:00～20:00 / 実働7時間】","12/8","11:00","20:00"
"ドミノ・ピザ　古河第六小学校前店★フードデリバリー★原付スクーター★日払い（当日手渡し）★古河駅★時給950円","飲食・フード系 / フードデリバリースタッフ","時給950円","ドミノ・ピザ","12/9～【10:00～15:00 / 実働5時間】","12/9","10:00","15:00"
"ドミノ・ピザ　古河第六小学校前店★フードデリバリー★原付スクーター★日払い（当日手渡し）★古河駅★時給950円","飲食・フード系 / フードデリバリースタッフ","時給950円","ドミノ・ピザ","12/13～【11:00～20:00 / 実働7時間】","12/13","11:00","20:00"
"ドミノ・ピザ　古河第六小学校前店★フードデリバリー★原付スクーター★日払い（当日手渡し）★古河駅★時給950円 /深夜1,188円","飲食・フード系 / フードデリバリースタッフ","時給950円","ドミノ・ピザ","12/15～【18:00～00:30 / 実働5時間】","12/15","18:00","00:30"
"ドミノ・ピザ　古河第六小学校前店★フードデリバリー★原付スクーター★日払い（当日手渡し）★古河駅★時給950円","飲食・フード系 / フードデリバリースタッフ","時給950円","ドミノ・ピザ","12/22～【11:00～20:00 / 実働7時間】","12/22","11:00","20:00"
"ドミノ・ピザ　古河第六小学校前店★フードデリバリー★原付スクーター★日払い（当日手渡し）★古河駅★時給950円","飲食・フード系 / フードデリバリースタッフ","時給950円","ドミノ・ピザ","12/23～【10:00～15:00 / 実働5時間】","12/23","10:00","15:00"
"ドミノ・ピザ　古河第六小学校前店★フードデリバリー★原付スクーター★日払い（当日手渡し）★古河駅★時給950円","飲食・フード系 / フードデリバリースタッフ","時給950円","ドミノ・ピザ","12/24～【10:00～15:00 / 実働5時間】","12/24","10:00","15:00"
"ドミノ・ピザ　古河第六小学校前店★フードデリバリー★原付スクーター★日払い（当日手渡し）★古河駅★時給950円 /深夜1,188円","飲食・フード系 / フードデリバリースタッフ","時給950円","ドミノ・ピザ","12/24～【18:00～00:30 / 実働5時間】","12/24","18:00","00:30"
"ドミノ・ピザ　古河第六小学校前店★フードデリバリー★原付スクーター★日払い（当日手渡し）★古河駅★時給950円 /深夜1,188円","飲食・フード系 / フードデリバリースタッフ","時給950円","ドミノ・ピザ","12/31～【18:00～00:30 / 実働5時間】","12/31","18:00","00:30"
"ドミノ・ピザ　古河第六小学校前店★フードデリバリー★原付スクーター★日払い（当日手渡し）★古河駅★時給950円","飲食・フード系 / フードデリバリースタッフ","時給950円","ドミノ・ピザ","1/7～【11:00～20:00 / 実働7時間】","1/7","11:00","20:00"
"ガスト　田園調布店★フードデリバリー★三輪原付スクーター★日払い（翌日振込み）★沼部駅★時給1,213円","飲食・フード系 / フードデリバリースタッフ","時給1213円","株式会社すかいらーくレストランツ","12/12～【11:00～21:00 / 実働9時間】","12/12","11:00","21:00"
"ピザーラ　青葉台店★フードデリバリー★三輪原付スクーター★日払い（当日手渡し）★藤が丘(神奈川県)駅★時給1,080円","飲食・フード系 / フードデリバリースタッフ","時給1080円","有限会社フォアアソシエイツ","12/5～【17:00～21:00 / 実働4時間】","12/5","17:00","21:00"
"中華料理　味中味★フードデリバリー★原付スクーター★日払い（当日手渡し）★八丁畷駅★時給1,100円","飲食・フード系 / フードデリバリースタッフ","時給1100円","株式会社城商事","12/6～【17:00～22:00 / 実働5時間】","12/6","17:00","22:00"
"ガスト　野田店★フードデリバリー★三輪原付スクーター★日払い（翌日振込み）★愛宕(千葉県)駅★時給1,125円","飲食・フード系 / フードデリバリースタッフ","時給1125円","株式会社すかいらーくレストランツ","12/24～【11:00～16:30 / 実働4時間】","12/24","11:00","16:30"
"ガスト　物井店★フードデリバリー★三輪原付スクーター★日払い（翌日振込み）★物井駅★時給1,075円","飲食・フード系 / フードデリバリースタッフ","時給1075円","株式会社すかいらーくレストランツ","12/27～【17:00～21:00 / 実働4時間】","12/27","17:00","21:00"
"ピザハット　五井店★フードデリバリー★原付スクーター★日払い（当日手渡し）★五井駅★時給1,200円","飲食・フード系 / フードデリバリースタッフ","時給1200円","株式会社LIBERO","12/24～【11:00～20:00 / 実働8時間】","12/24","11:00","20:00"
"ピザハット　五井店★フードデリバリー★原付スクーター★日払い（当日手渡し）★五井駅★時給1,200円","飲食・フード系 / フードデリバリースタッフ","時給1200円","株式会社LIBERO","12/26～【11:00～20:00 / 実働8時間】","12/26","11:00","20:00"
"ピザハット　五井店★フードデリバリー★原付スクーター★日払い（当日手渡し）★五井駅★時給1,200円","飲食・フード系 / フードデリバリースタッフ","時給1200円","株式会社LIBERO","12/28～【11:00～20:00 / 実働8時間】","12/28","11:00","20:00"
"KEN★フードデリバリー★スーパーカブ（125cc以下）★日払い（当日手渡し）★代々木駅★時給1,250円","飲食・フード系 / フードデリバリースタッフ","時給1250円","有限会社依田商事","12/16～【10:00～14:30 / 実働4時間】","12/16","10:00","14:30"
"出前館　町田店★フードデリバリー★三輪原付スクーター★日払い（翌日振込み）★矢部駅★時給1,020円","飲食・フード系 / フードデリバリースタッフ","時給1020円","株式会社出前館","12/2～【11:00～15:00 / 実働4時間】","12/2","11:00","15:00"
"カレーハウスCoCo壱番屋　新宿高田馬場店★フードデリバリー★三輪原付スクーター★月払い★高田馬場駅★時給1,100円 /深夜1,375円","飲食・フード系 / フードデリバリースタッフ","時給1100円","株式会社ディライテッド","12/13～【18:00～22:30 / 実働4時間】","12/13","18:00","22:30"
"カレーハウスCoCo壱番屋　新宿高田馬場店★フードデリバリー★三輪原付スクーター★月払い★高田馬場駅★時給1,100円","飲食・フード系 / フードデリバリースタッフ","時給1100円","株式会社ディライテッド","12/22～【11:00～15:30 / 実働4時間】","12/22","11:00","15:30"
"かさねや　幕張店★フードデリバリー★三輪ミニカー（要普免）★日払い（当日手渡し）★京成大久保駅★時給1,100円","飲食・フード系 / フードデリバリースタッフ","時給1100円","株式会社SBIC","1/2～【11:00～21:00 / 実働9時間】","1/2","11:00","21:00"
"ガスト　西寺尾店★フードデリバリー★三輪原付スクーター★日払い（翌日振込み）★大口駅★時給1,162円","飲食・フード系 / フードデリバリースタッフ","時給1162円","株式会社すかいらーくレストランツ","12/3～【17:00～21:00 / 実働4時間】","12/3","17:00","21:00"
"ガスト　西寺尾店★フードデリバリー★三輪原付スクーター★日払い（翌日振込み）★大口駅★時給1,162円","飲食・フード系 / フードデリバリースタッフ","時給1162円","株式会社すかいらーくレストランツ","12/4～【16:00～21:00 / 実働5時間】","12/4","16:00","21:00"
"ドミノ・ピザ　辻堂店★フードデリバリー★原付スクーター★日払い（当日手渡し）★辻堂駅★時給1,200円","飲食・フード系 / フードデリバリースタッフ","時給1200円","株式会社陽・商店","12/6～【11:00～20:00 / 実働8時間】","12/6","11:00","20:00"
"ラジャヴェッタ　洗足店★フードデリバリー★三輪原付スクーター★日払い（翌日振込み）★北千束駅★時給1,200円 /深夜1,500円","飲食・フード系 / フードデリバリースタッフ","時給1200円","有限会社ラジャヴェッタ","1/1～【17:00～22:30 / 実働5時間】","1/1","17:00","22:30"
"ラジャヴェッタ　洗足店★フードデリバリー★三輪原付スクーター★日払い（翌日振込み）★北千束駅★時給1,200円 /深夜1,500円","飲食・フード系 / フードデリバリースタッフ","時給1200円","有限会社ラジャヴェッタ","1/2～【17:00～22:30 / 実働5時間】","1/2","17:00","22:30"
"ラジャヴェッタ　洗足店★フードデリバリー★三輪原付スクーター★日払い（翌日振込み）★北千束駅★時給1,200円 /深夜1,500円","飲食・フード系 / フードデリバリースタッフ","時給1200円","有限会社ラジャヴェッタ","1/3～【17:00～22:30 / 実働5時間】","1/3","17:00","22:30"
"ラジャヴェッタ　洗足店★フードデリバリー★三輪原付スクーター★日払い（翌日振込み）★北千束駅★時給1,100円 /深夜1,375円","飲食・フード系 / フードデリバリースタッフ","時給1100円","有限会社ラジャヴェッタ","1/3～【11:30～22:30 / 実働10時間】","1/3","11:30","22:30"
"ピザーラ　大宮店★フードデリバリー★三輪原付スクーター★日払い（当日手渡し）★加茂宮駅★時給1,100円","飲食・フード系 / フードデリバリースタッフ","時給1100円","有限会社ガウディ","12/6～【16:00～21:00 / 実働5時間】","12/6","16:00","21:00"
"韓国チキン専門　韓cook★フードデリバリー★三輪原付スクーター★日払い（当日手渡し）★高円寺駅★時給1,100円","飲食・フード系 / フードデリバリースタッフ","時給1100円","株式会社MOSES","12/6～【11:00～22:00 / 実働10時間】","12/6","11:00","22:00"
"韓国チキン専門　韓cook★フードデリバリー★三輪原付スクーター★日払い（当日手渡し）★高円寺駅★時給1,100円","飲食・フード系 / フードデリバリースタッフ","時給1100円","株式会社MOSES","12/24～【11:00～22:00 / 実働10時間】","12/24","11:00","22:00"
"中華料理　味中味★フードデリバリー★原付スクーター★日払い（当日手渡し）★八丁畷駅★時給1,100円","飲食・フード系 / フードデリバリースタッフ","時給1100円","株式会社城商事","12/6～【17:00～22:00 / 実働5時間】","12/6","17:00","22:00"
"ガスト　野田店★フードデリバリー★三輪原付スクーター★日払い（翌日振込み）★愛宕(千葉県)駅★時給1,125円","飲食・フード系 / フードデリバリースタッフ","時給1125円","株式会社すかいらーくレストランツ","12/24～【11:00～16:30 / 実働4時間】","12/24","11:00","16:30"
"ガスト　物井店★フードデリバリー★三輪原付スクーター★日払い（翌日振込み）★物井駅★時給1,075円","飲食・フード系 / フードデリバリースタッフ","時給1075円","株式会社すかいらーくレストランツ","12/27～【17:00～21:00 / 実働4時間】","12/27","17:00","21:00"
"かさねや　住吉店★フードデリバリー★三輪原付スクーター★日払い（当日手渡し）★住吉(東京都)駅★時給1,100円","飲食・フード系 / フードデリバリースタッフ","時給1100円","株式会社SBIC","12/2～【11:00～22:00 / 実働9時間】","12/2","11:00","22:00"
"ピザハット　五井店★フードデリバリー★原付スクーター★日払い（当日手渡し）★五井駅★時給1,200円","飲食・フード系 / フードデリバリースタッフ","時給1200円","株式会社LIBERO","12/26～【11:00～20:00 / 実働8時間】","12/26","11:00","20:00"
"ピザハット　五井店★フードデリバリー★原付スクーター★日払い（当日手渡し）★五井駅★時給1,200円","飲食・フード系 / フードデリバリースタッフ","時給1200円","株式会社LIBERO","12/28～【11:00～20:00 / 実働8時間】","12/28","11:00","20:00"
"KEN★フードデリバリー★スーパーカブ（125cc以下）★日払い（当日手渡し）★代々木駅★時給1,250円","飲食・フード系 / フードデリバリースタッフ","時給1250円","有限会社依田商事","12/16～【10:00～14:30 / 実働4時間】","12/16","10:00","14:30"
"出前館　町田店★フードデリバリー★三輪原付スクーター★日払い（翌日振込み）★矢部駅★時給1,020円","飲食・フード系 / フードデリバリースタッフ","時給1020円","株式会社出前館","12/2～【11:00～15:00 / 実働4時間】","12/2","11:00","15:00"
"カレーハウスCoCo壱番屋　新宿高田馬場店★フードデリバリー★三輪原付スクーター★月払い★高田馬場駅★時給1,100円 /深夜1,375円","飲食・フード系 / フードデリバリースタッフ","時給1100円","株式会社ディライテッド","12/13～【18:00～22:30 / 実働4時間】","12/13","18:00","22:30"
"カレーハウスCoCo壱番屋　新宿高田馬場店★フードデリバリー★三輪原付スクーター★月払い★高田馬場駅★時給1,100円","飲食・フード系 / フードデリバリースタッフ","時給1100円","株式会社ディライテッド","12/22～【11:00～15:30 / 実働4時間】","12/22","11:00","15:30"
"かさねや　幕張店★フードデリバリー★三輪ミニカー（要普免）★日払い（当日手渡し）★京成大久保駅★時給1,100円","飲食・フード系 / フードデリバリースタッフ","時給1100円","株式会社SBIC","1/2～【11:00～21:00 / 実働9時間】","1/2","11:00","21:00"
"ガスト　西寺尾店★フードデリバリー★三輪原付スクーター★日払い（翌日振込み）★大口駅★時給1,162円","飲食・フード系 / フードデリバリースタッフ","時給1162円","株式会社すかいらーくレストランツ","12/3～【17:00～21:00 / 実働4時間】","12/3","17:00","21:00"
"ガスト　西寺尾店★フードデリバリー★三輪原付スクーター★日払い（翌日振込み）★大口駅★時給1,162円","飲食・フード系 / フードデリバリースタッフ","時給1162円","株式会社すかいらーくレストランツ","12/4～【16:00～21:00 / 実働5時間】","12/4","16:00","21:00"
"ドミノ・ピザ　辻堂店★フードデリバリー★原付スクーター★日払い（当日手渡し）★辻堂駅★時給1,200円","飲食・フード系 / フードデリバリースタッフ","時給1200円","株式会社陽・商店","12/6～【11:00～20:00 / 実働8時間】","12/6","11:00","20:00"
"ラジャヴェッタ　洗足店★フードデリバリー★三輪原付スクーター★日払い（翌日振込み）★北千束駅★時給1,200円 /深夜1,500円","飲食・フード系 / フードデリバリースタッフ","時給1200円","有限会社ラジャヴェッタ","1/1～【17:00～22:30 / 実働5時間】","1/1","17:00","22:30"
"ドミノ・ピザ　古河第六小学校前店★フードデリバリー★原付スクーター★日払い（当日手渡し）★古河駅★時給950円 /深夜1,188円","飲食・フード系 / フードデリバリースタッフ","時給950円","ドミノ・ピザ","12/3～【18:00～00:30 / 実働5時間】","12/3","18:00","00:30"
"ドミノ・ピザ　古河第六小学校前店★フードデリバリー★原付スクーター★日払い（当日手渡し）★古河駅★時給950円","飲食・フード系 / フードデリバリースタッフ","時給950円","ドミノ・ピザ","12/11～【11:00～20:00 / 実働7時間】","12/11","11:00","20:00"
"ドミノ・ピザ　古河第六小学校前店★フードデリバリー★原付スクーター★日払い（当日手渡し）★古河駅★時給950円 /深夜1,188円","飲食・フード系 / フードデリバリースタッフ","時給950円","ドミノ・ピザ","12/12～【18:00～00:30 / 実働5時間】","12/12","18:00","00:30"
"ドミノ・ピザ　古河第六小学校前店★フードデリバリー★原付スクーター★日払い（当日手渡し）★古河駅★時給950円","飲食・フード系 / フードデリバリースタッフ","時給950円","ドミノ・ピザ","12/17～【11:00～20:00 / 実働7時間】","12/17","11:00","20:00"
"ドミノ・ピザ　古河第六小学校前店★フードデリバリー★原付スクーター★日払い（当日手渡し）★古河駅★時給950円","飲食・フード系 / フードデリバリースタッフ","時給950円","ドミノ・ピザ","12/19～【10:00～15:00 / 実働5時間】","12/19","10:00","15:00"
"ドミノ・ピザ　古河第六小学校前店★フードデリバリー★原付スクーター★日払い（当日手渡し）★古河駅★時給950円","飲食・フード系 / フードデリバリースタッフ","時給950円","ドミノ・ピザ","12/20～【10:00～15:00 / 実働5時間】","12/20","10:00","15:00"
"ドミノ・ピザ　古河第六小学校前店★フードデリバリー★原付スクーター★日払い（当日手渡し）★古河駅★時給950円","飲食・フード系 / フードデリバリースタッフ","時給950円","ドミノ・ピザ","12/20～【11:00～20:00 / 実働7時間】","12/20","11:00","20:00"
"ドミノ・ピザ　古河第六小学校前店★フードデリバリー★原付スクーター★日払い（当日手渡し）★古河駅★時給950円","飲食・フード系 / フードデリバリースタッフ","時給950円","ドミノ・ピザ","12/26～【11:00～20:00 / 実働7時間】","12/26","11:00","20:00"
"ドミノ・ピザ　古河第六小学校前店★フードデリバリー★原付スクーター★日払い（当日手渡し）★古河駅★時給950円","飲食・フード系 / フードデリバリースタッフ","時給950円","ドミノ・ピザ","12/28～【10:00～15:00 / 実働5時間】","12/28","10:00","15:00"
"ドミノ・ピザ　古河第六小学校前店★フードデリバリー★原付スクーター★日払い（当日手渡し）★古河駅★時給950円 /深夜1,188円","飲食・フード系 / フードデリバリースタッフ","時給950円","ドミノ・ピザ","12/28～【18:00～00:30 / 実働5時間】","12/28","18:00","00:30"
"ドミノ・ピザ　古河第六小学校前店★フードデリバリー★原付スクーター★日払い（当日手渡し）★古河駅★時給950円 /深夜1,188円","飲食・フード系 / フードデリバリースタッフ","時給950円","ドミノ・ピザ","1/2～【18:00～00:30 / 実働5時間】","1/2","18:00","00:30"
"ピザハット　五井店★フードデリバリー★原付スクーター★日払い（当日手渡し）★五井駅★時給1,200円","飲食・フード系 / フードデリバリースタッフ","時給1200円","株式会社LIBERO","12/5～【11:00～20:00 / 実働8時間】","12/5","11:00","20:00"
"かさねや　幕張店★フードデリバリー★三輪ミニカー（要普免）★日払い（当日手渡し）★京成大久保駅★時給1,100円","飲食・フード系 / フードデリバリースタッフ","時給1100円","株式会社SBIC","1/3～【11:00～21:00 / 実働9時間】","1/3","11:00","21:00"
"ガスト　西寺尾店★フードデリバリー★三輪原付スクーター★日払い（翌日振込み）★大口駅★時給1,162円","飲食・フード系 / フードデリバリースタッフ","時給1162円","株式会社すかいらーくレストランツ","12/13～【16:00～21:00 / 実働5時間】","12/13","16:00","21:00"
"ラジャヴェッタ　池尻店★フードデリバリー★三輪原付スクーター★日払い（翌日振込み）★池尻大橋駅★時給1,100円 /深夜1,375円","飲食・フード系 / フードデリバリースタッフ","時給1100円","有限会社ラジャヴェッタ","12/2～【17:00～22:30 / 実働5時間】","12/2","17:00","22:30"
"ドミノ・ピザ　守谷店★フードデリバリー★原付スクーター★日払い（当日手渡し）★守谷駅★時給1,000円 /深夜1,250円","飲食・フード系 / フードデリバリースタッフ","時給1000円","ドミノ・ピザ","12/21～【18:00～23:30 / 実働5時間】","12/21","18:00","23:30"
"ドミノ・ピザ　守谷店★フードデリバリー★原付スクーター★日払い（当日手渡し）★守谷駅★時給1,000円","飲食・フード系 / フードデリバリースタッフ","時給1000円","ドミノ・ピザ","12/29～【10:00～15:00 / 実働5時間】","12/29","10:00","15:00"
"ドミノ・ピザ　守谷店★フードデリバリー★原付スクーター★日払い（当日手渡し）★守谷駅★時給1,000円 /深夜1,250円","飲食・フード系 / フードデリバリースタッフ","時給1000円","ドミノ・ピザ","12/29～【18:00～23:30 / 実働5時間】","12/29","18:00","23:30"
"ドミノ・ピザ　守谷店★フードデリバリー★原付スクーター★日払い（当日手渡し）★守谷駅★時給1,000円","飲食・フード系 / フードデリバリースタッフ","時給1000円","ドミノ・ピザ","12/30～【11:00～21:00 / 実働8時間】","12/30","11:00","21:00"
"ドミノ・ピザ　守谷店★フードデリバリー★原付スクーター★日払い（当日手渡し）★守谷駅★時給1,000円","飲食・フード系 / フードデリバリースタッフ","時給1000円","ドミノ・ピザ","12/31～【11:00～21:00 / 実働8時間】","12/31","11:00","21:00"
"ドミノ・ピザ　守谷店★フードデリバリー★原付スクーター★日払い（当日手渡し）★守谷駅★時給1,000円","飲食・フード系 / フードデリバリースタッフ","時給1000円","ドミノ・ピザ","1/7～【10:00～15:00 / 実働5時間】","1/7","10:00","15:00"
"ドミノ・ピザ　守谷店★フードデリバリー★原付スクーター★日払い（当日手渡し）★守谷駅★時給1,000円 /深夜1,250円","飲食・フード系 / フードデリバリースタッフ","時給1000円","ドミノ・ピザ","1/8～【18:00～23:30 / 実働5時間】","1/8","18:00","23:30"
"ドミノ・ピザ　守谷店★フードデリバリー★原付スクーター★日払い（当日手渡し）★守谷駅★時給1,000円","飲食・フード系 / フードデリバリースタッフ","時給1000円","ドミノ・ピザ","1/8～【11:00～21:00 / 実働8時間】","1/8","11:00","21:00"
"ドミノ・ピザ　古河第六小学校前店★フードデリバリー★原付スクーター★日払い（当日手渡し）★古河駅★時給950円 /深夜1,188円","飲食・フード系 / フードデリバリースタッフ","時給950円","ドミノ・ピザ","12/3～【18:00～00:30 / 実働5時間】","12/3","18:00","00:30"
"ドミノ・ピザ　古河第六小学校前店★フードデリバリー★原付スクーター★日払い（当日手渡し）★古河駅★時給950円","飲食・フード系 / フードデリバリースタッフ","時給950円","ドミノ・ピザ","12/11～【11:00～20:00 / 実働7時間】","12/11","11:00","20:00"
"ドミノ・ピザ　古河第六小学校前店★フードデリバリー★原付スクーター★日払い（当日手渡し）★古河駅★時給950円 /深夜1,188円","飲食・フード系 / フードデリバリースタッフ","時給950円","ドミノ・ピザ","12/12～【18:00～00:30 / 実働5時間】","12/12","18:00","00:30"
"ドミノ・ピザ　古河第六小学校前店★フードデリバリー★原付スクーター★日払い（当日手渡し）★古河駅★時給950円","飲食・フード系 / フードデリバリースタッフ","時給950円","ドミノ・ピザ","12/17～【11:00～20:00 / 実働7時間】","12/17","11:00","20:00"
"ドミノ・ピザ　古河第六小学校前店★フードデリバリー★原付スクーター★日払い（当日手渡し）★古河駅★時給950円","飲食・フード系 / フードデリバリースタッフ","時給950円","ドミノ・ピザ","12/19～【10:00～15:00 / 実働5時間】","12/19","10:00","15:00"
"ドミノ・ピザ　古河第六小学校前店★フードデリバリー★原付スクーター★日払い（当日手渡し）★古河駅★時給950円","飲食・フード系 / フードデリバリースタッフ","時給950円","ドミノ・ピザ","12/20～【10:00～15:00 / 実働5時間】","12/20","10:00","15:00"
"ドミノ・ピザ　古河第六小学校前店★フードデリバリー★原付スクーター★日払い（当日手渡し）★古河駅★時給950円","飲食・フード系 / フードデリバリースタッフ","時給950円","ドミノ・ピザ","12/20～【11:00～20:00 / 実働7時間】","12/20","11:00","20:00"
"ラジャヴェッタ　八幡山店★フードデリバリー★三輪原付スクーター★日払い（当日手渡し）★八幡山駅★時給1,100円 /深夜1,375円","飲食・フード系 / フードデリバリースタッフ","時給1100円","有限会社ラジャヴェッタ","12/3～【17:00～22:30 / 実働5時間】","12/3","17:00","22:30"
"ラジャヴェッタ　駒沢店★フードデリバリー★三輪原付スクーター★日払い（翌日振込み）★桜新町駅★時給1,100円 /深夜1,375円","飲食・フード系 / フードデリバリースタッフ","時給1100円","有限会社ラジャヴェッタ","12/3～【17:00～22:30 / 実働5時間】","12/3","17:00","22:30"
"ラジャヴェッタ　池尻店★フードデリバリー★三輪原付スクーター★日払い（翌日振込み）★池尻大橋駅★時給1,100円 /深夜1,375円","飲食・フード系 / フードデリバリースタッフ","時給1100円","有限会社ラジャヴェッタ","12/2～【17:00～22:30 / 実働5時間】","12/2","17:00","22:30"
"出前館　三軒茶屋店★フードデリバリー★三輪原付スクーター★日払い（翌日振込み）★学芸大学駅★時給1,020円","飲食・フード系 / フードデリバリースタッフ","時給1020円","株式会社出前館","12/6～【11:00～21:00 / 実働8時間】","12/6","11:00","21:00"
"ガスト　川口朝日店★フードデリバリー★三輪原付スクーター★日払い（翌日振込み）★南鳩ケ谷駅★時給1,140円","飲食・フード系 / フードデリバリースタッフ","時給1140円","株式会社すかいらーくレストランツ","12/12～【11:00～14:00 / 実働3時間】","12/12","11:00","14:00"
"ドミノ・ピザ　守谷店★フードデリバリー★原付スクーター★日払い（当日手渡し）★守谷駅★時給1,000円 /深夜1,250円","飲食・フード系 / フードデリバリースタッフ","時給1000円","ドミノ・ピザ","12/9～【18:00～23:30 / 実働5時間】","12/9","18:00","23:30"
"ドミノ・ピザ　守谷店★フードデリバリー★原付スクーター★日払い（当日手渡し）★守谷駅★時給1,000円 /深夜1,250円","飲食・フード系 / フードデリバリースタッフ","時給1000円","ドミノ・ピザ","12/25～【18:00～23:30 / 実働5時間】","12/25","18:00","23:30"
"ドミノ・ピザ　守谷店★フードデリバリー★原付スクーター★日払い（当日手渡し）★守谷駅★時給1,000円","飲食・フード系 / フードデリバリースタッフ","時給1000円","ドミノ・ピザ","12/25～【11:00～21:00 / 実働8時間】","12/25","11:00","21:00"
"ドミノ・ピザ　守谷店★フードデリバリー★原付スクーター★日払い（当日手渡し）★守谷駅★時給1,000円 /深夜1,250円","飲食・フード系 / フードデリバリースタッフ","時給1000円","ドミノ・ピザ","1/5～【18:00～23:30 / 実働5時間】","1/5","18:00","23:30"
"ドミノ・ピザ　古河第六小学校前店★フードデリバリー★原付スクーター★日払い（当日手渡し）★古河駅★時給950円","飲食・フード系 / フードデリバリースタッフ","時給950円","ドミノ・ピザ","12/14～【10:00～15:00 / 実働5時間】","12/14","10:00","15:00"
"ドミノ・ピザ　古河第六小学校前店★フードデリバリー★原付スクーター★日払い（当日手渡し）★古河駅★時給950円","飲食・フード系 / フードデリバリースタッフ","時給950円","ドミノ・ピザ","12/21～【10:00～15:00 / 実働5時間】","12/21","10:00","15:00"
"ドミノ・ピザ　古河第六小学校前店★フードデリバリー★原付スクーター★日払い（当日手渡し）★古河駅★時給950円","飲食・フード系 / フードデリバリースタッフ","時給950円","ドミノ・ピザ","12/29～【10:00～15:00 / 実働5時間】","12/29","10:00","15:00"
"ガスト　物井店★フードデリバリー★三輪原付スクーター★日払い（翌日振込み）★物井駅★時給1,075円","飲食・フード系 / フードデリバリースタッフ","時給1075円","株式会社すかいらーくレストランツ","12/30～【17:00～21:00 / 実働4時間】","12/30","17:00","21:00"
"かさねや　住吉店★フードデリバリー★三輪原付スクーター★日払い（当日手渡し）★住吉(東京都)駅★時給1,100円","飲食・フード系 / フードデリバリースタッフ","時給1100円","株式会社SBIC","12/2～【11:00～22:00 / 実働9時間】","12/2","11:00","22:00"
"ドミノ・ピザ　浦和常盤店★フードデリバリー★原付スクーター★日払い（当日手渡し）★北浦和駅★時給1,100円","飲食・フード系 / フードデリバリースタッフ","時給1100円","株式会社Lucky","12/6～【10:30～21:00 / 実働9時間】","12/6","10:30","21:00"
"ガスト　戸塚店★フードデリバリー★三輪原付スクーター★日払い（翌日振込み）★戸塚駅★時給1,162円","飲食・フード系 / フードデリバリースタッフ","時給1162円","株式会社すかいらーくレストランツ","12/4～【17:00～20:00 / 実働3時間】","12/4","17:00","20:00"
"ガスト　戸塚店★フードデリバリー★三輪原付スクーター★日払い（翌日振込み）★戸塚駅★時給1,162円","飲食・フード系 / フードデリバリースタッフ","時給1162円","株式会社すかいらーくレストランツ","12/7～【17:30～21:00 / 実働3時間】","12/7","17:30","21:00"
"かさねや　あざみ野店★フードデリバリー★三輪原付スクーター★日払い（当日手渡し）★あざみ野駅★時給1,150円","飲食・フード系 / フードデリバリースタッフ","時給1150円","かさねや","12/6～【18:00～22:00 / 実働4時間】","12/6","18:00","22:00"
"かさねや　あざみ野店★フードデリバリー★三輪原付スクーター★日払い（当日手渡し）★あざみ野駅★時給1,100円","飲食・フード系 / フードデリバリースタッフ","時給1100円","かさねや","12/3～【11:00～16:00 / 実働5時間】","12/3","11:00","16:00"
"出前館　川崎店★フードデリバリー★三輪原付スクーター★日払い（翌日振込み）★鶴見市場駅★時給1,200円","飲食・フード系 / フードデリバリースタッフ","時給1200円","株式会社出前館","12/5～【12:00～21:00 / 実働7時間】","12/5","12:00","21:00"
"BURGER PRODUCTS　横浜都筑店★フードデリバリー★原付スクーター★日払い（当日手渡し）★センター南駅★時給1,100円","飲食・フード系 / フードデリバリースタッフ","時給1100円","BURGER","12/2～【11:00～15:00 / 実働4時間】","12/2","11:00","15:00"
"ドミノ・ピザ　桜台店★フードデリバリー★原付スクーター★日払い（翌日振込み）★新桜台駅★時給1,120円","飲食・フード系 / フードデリバリースタッフ","時給1120円","株式会社ドミノ・ピザ","12/19～【16:30～21:00 / 実働4時間】","12/19","16:30","21:00"
"ドミノ・ピザ　桜台店★フードデリバリー★原付スクーター★日払い（翌日振込み）★新桜台駅★時給1,120円","飲食・フード系 / フードデリバリースタッフ","時給1120円","株式会社ドミノ・ピザ","12/6～【10:30～15:00 / 実働4時間】","12/6","10:30","15:00"
"ドミノ・ピザ　桜台店★フードデリバリー★原付スクーター★日払い（翌日振込み）★新桜台駅★時給1,120円","飲食・フード系 / フードデリバリースタッフ","時給1120円","株式会社ドミノ・ピザ","12/19～【10:30～15:00 / 実働4時間】","12/19","10:30","15:00"
"ドミノ・ピザ　桜台店★フードデリバリー★原付スクーター★日払い（翌日振込み）★新桜台駅★時給1,120円","飲食・フード系 / フードデリバリースタッフ","時給1120円","株式会社ドミノ・ピザ","12/23～【10:30～15:00 / 実働4時間】","12/23","10:30","15:00"
"ドミノ・ピザ　桜台店★フードデリバリー★原付スクーター★日払い（翌日振込み）★新桜台駅★時給1,120円","飲食・フード系 / フードデリバリースタッフ","時給1120円","株式会社ドミノ・ピザ","12/24～【16:30～21:00 / 実働4時間】","12/24","16:30","21:00"
"出前館　石神井公園店★フードデリバリー★三輪原付スクーター★日払い（翌日振込み）★保谷駅★時給1,020円","飲食・フード系 / フードデリバリースタッフ","時給1020円","株式会社出前館","12/6～【10:30～20:30 / 実働8時間】","12/6","10:30","20:30"
"ドミノ・ピザ　東十条店★フードデリバリー★原付スクーター★日払い（翌日振込み）★王子神谷駅★時給1,120円","飲食・フード系 / フードデリバリースタッフ","時給1120円","株式会社ドミノ・ピザ","12/6～【16:30～21:00 / 実働4時間】","12/6","16:30","21:00"
"ドミノ・ピザ　東十条店★フードデリバリー★原付スクーター★日払い（翌日振込み）★王子神谷駅★時給1,120円","飲食・フード系 / フードデリバリースタッフ","時給1120円","株式会社ドミノ・ピザ","12/13～【16:30～21:00 / 実働4時間】","12/13","16:30","21:00"
"ドミノ・ピザ　東十条店★フードデリバリー★原付スクーター★日払い（翌日振込み）★王子神谷駅★時給1,120円","飲食・フード系 / フードデリバリースタッフ","時給1120円","株式会社ドミノ・ピザ","12/18～【16:30～21:00 / 実働4時間】","12/18","16:30","21:00"
"ドミノ・ピザ　東十条店★フードデリバリー★原付スクーター★日払い（翌日振込み）★王子神谷駅★時給1,120円","飲食・フード系 / フードデリバリースタッフ","時給1120円","株式会社ドミノ・ピザ","12/24～【16:30～21:00 / 実働4時間】","12/24","16:30","21:00"
"ピザーラ　加須店★フードデリバリー★三輪原付スクーター★日払い（当日手渡し）★加須駅★時給1,050円","飲食・フード系 / フードデリバリースタッフ","時給1050円","有限会社ロングズジョアー","12/4～【16:00～21:00 / 実働5時間】","12/4","16:00","21:00"
"BURGER PRODUCTS　横浜都筑店★フードデリバリー★原付スクーター★日払い（当日手渡し）★センター南駅★時給1,100円","飲食・フード系 / フードデリバリースタッフ","時給1100円","BURGER","12/1～【11:00～15:00 / 実働4時間】","12/1","11:00","15:00"
"かさねや　仙川店★フードデリバリー★三輪原付スクーター★日払い（当日手渡し）★仙川駅★時給1,150円","飲食・フード系 / フードデリバリースタッフ","時給1150円","株式会社SBIC","12/13～【11:00～16:00 / 実働5時間】","12/13","11:00","16:00"
"KEN★フードデリバリー★スーパーカブ（125cc以下）★日払い（当日手渡し）★代々木駅★時給1,250円","飲食・フード系 / フードデリバリースタッフ","時給1250円","有限会社依田商事","12/12～【10:00～14:30 / 実働4時間】","12/12","10:00","14:30"
"KEN★フードデリバリー★スーパーカブ（125cc以下）★日払い（当日手渡し）★代々木駅★時給1,250円","飲食・フード系 / フードデリバリースタッフ","時給1250円","有限会社依田商事","12/14～【18:00～21:00 / 実働3時間】","12/14","18:00","21:00"
"ピザハット　五井店★フードデリバリー★原付スクーター★日払い（当日手渡し）★五井駅★時給1,200円","飲食・フード系 / フードデリバリースタッフ","時給1200円","株式会社LIBERO","1/3～【11:00～20:00 / 実働8時間】","1/3","11:00","20:00"
"KEN★フードデリバリー★スーパーカブ（125cc以下）★日払い（当日手渡し）★代々木駅★時給1,250円","飲食・フード系 / フードデリバリースタッフ","時給1250円","有限会社依田商事","12/19～【10:00～14:30 / 実働4時間】","12/19","10:00","14:30"
"ピザハット　五井店★フードデリバリー★原付スクーター★日払い（当日手渡し）★五井駅★時給1,200円","飲食・フード系 / フードデリバリースタッフ","時給1200円","株式会社LIBERO","12/27～【11:00～20:00 / 実働8時間】","12/27","11:00","20:00"
"ガスト　西寺尾店★フードデリバリー★三輪原付スクーター★日払い（翌日振込み）★大口駅★時給1,162円","飲食・フード系 / フードデリバリースタッフ","時給1162円","株式会社すかいらーくレストランツ","12/11～【16:00～21:00 / 実働5時間】","12/11","16:00","21:00"
"築地天ぴん　熊谷店★フードデリバリー★三輪原付スクーター★日払い（当日手渡し）★熊谷駅★時給950円","飲食・フード系 / フードデリバリースタッフ","時給950円","築地天ぴん","12/4～【11:00～14:00 / 実働3時間】","12/4","11:00","14:00"
"築地天ぴん　熊谷店★フードデリバリー★三輪原付スクーター★日払い（当日手渡し）★熊谷駅★時給950円","飲食・フード系 / フードデリバリースタッフ","時給950円","築地天ぴん","12/4～【17:00～21:00 / 実働4時間】","12/4","17:00","21:00"
"ラジャヴェッタ　洗足店★フードデリバリー★三輪原付スクーター★日払い（翌日振込み）★北千束駅★時給1,200円 /深夜1,500円","飲食・フード系 / フードデリバリースタッフ","時給1200円","有限会社ラジャヴェッタ","12/26～【17:00～22:30 / 実働5時間】","12/26","17:00","22:30"
"ラジャヴェッタ　洗足店★フードデリバリー★三輪原付スクーター★日払い（翌日振込み）★北千束駅★時給1,100円 /深夜1,375円","飲食・フード系 / フードデリバリースタッフ","時給1100円","有限会社ラジャヴェッタ","12/26～【11:30～22:30 / 実働10時間】","12/26","11:30","22:30"
"ラジャヴェッタ　洗足店★フードデリバリー★三輪原付スクーター★日払い（翌日振込み）★北千束駅★時給1,100円 /深夜1,375円","飲食・フード系 / フードデリバリースタッフ","時給1100円","有限会社ラジャヴェッタ","1/5～【11:30～22:30 / 実働10時間】","1/5","11:30","22:30"
"ピザハット　五井店★フードデリバリー★原付スクーター★日払い（当日手渡し）★五井駅★時給1,200円","飲食・フード系 / フードデリバリースタッフ","時給1200円","株式会社LIBERO","12/27～【11:00～20:00 / 実働8時間】","12/27","11:00","20:00"
"ガスト　世田谷代田店★フードデリバリー★三輪原付スクーター★日払い（翌日振込み）★若林(東京都)駅★時給1,213円","飲食・フード系 / フードデリバリースタッフ","時給1213円","株式会社すかいらーくレストランツ","12/21～【11:00～18:00 / 実働6時間】","12/21","11:00","18:00"
"ドミノ・ピザ　守谷店★フードデリバリー★原付スクーター★日払い（当日手渡し）★守谷駅★時給1,000円","飲食・フード系 / フードデリバリースタッフ","時給1000円","ドミノ・ピザ","12/1～【10:00～15:00 / 実働5時間】","12/1","10:00","15:00"
"ドミノ・ピザ　守谷店★フードデリバリー★原付スクーター★日払い（当日手渡し）★守谷駅★時給1,000円","飲食・フード系 / フードデリバリースタッフ","時給1000円","ドミノ・ピザ","12/1～【11:00～21:00 / 実働8時間】","12/1","11:00","21:00"
"ドミノ・ピザ　守谷店★フードデリバリー★原付スクーター★日払い（当日手渡し）★守谷駅★時給1,000円","飲食・フード系 / フードデリバリースタッフ","時給1000円","ドミノ・ピザ","12/8～【10:00～15:00 / 実働5時間】","12/8","10:00","15:00"
"ドミノ・ピザ　守谷店★フードデリバリー★原付スクーター★日払い（当日手渡し）★守谷駅★時給1,000円","飲食・フード系 / フードデリバリースタッフ","時給1000円","ドミノ・ピザ","12/17～【10:00～15:00 / 実働5時間】","12/17","10:00","15:00"
"ドミノ・ピザ　守谷店★フードデリバリー★原付スクーター★日払い（当日手渡し）★守谷駅★時給1,000円","飲食・フード系 / フードデリバリースタッフ","時給1000円","ドミノ・ピザ","12/18～【11:00～21:00 / 実働8時間】","12/18","11:00","21:00"
"ドミノ・ピザ　守谷店★フードデリバリー★原付スクーター★日払い（当日手渡し）★守谷駅★時給1,000円","飲食・フード系 / フードデリバリースタッフ","時給1000円","ドミノ・ピザ","1/4～【10:00～15:00 / 実働5時間】","1/4","10:00","15:00"
"ドミノ・ピザ　古河第六小学校前店★フードデリバリー★原付スクーター★日払い（当日手渡し）★古河駅★時給950円","飲食・フード系 / フードデリバリースタッフ","時給950円","ドミノ・ピザ","12/8～【10:00～15:00 / 実働5時間】","12/8","10:00","15:00"
"ドミノ・ピザ　古河第六小学校前店★フードデリバリー★原付スクーター★日払い（当日手渡し）★古河駅★時給950円 /深夜1,188円","飲食・フード系 / フードデリバリースタッフ","時給950円","ドミノ・ピザ","12/8～【18:00～00:30 / 実働5時間】","12/8","18:00","00:30"
"ドミノ・ピザ　古河第六小学校前店★フードデリバリー★原付スクーター★日払い（当日手渡し）★古河駅★時給950円 /深夜1,188円","飲食・フード系 / フードデリバリースタッフ","時給950円","ドミノ・ピザ","12/14～【18:00～00:30 / 実働5時間】","12/14","18:00","00:30"
"ドミノ・ピザ　古河第六小学校前店★フードデリバリー★原付スクーター★日払い（当日手渡し）★古河駅★時給950円","飲食・フード系 / フードデリバリースタッフ","時給950円","ドミノ・ピザ","12/16～【10:00～15:00 / 実働5時間】","12/16","10:00","15:00"
"ドミノ・ピザ　古河第六小学校前店★フードデリバリー★原付スクーター★日払い（当日手渡し）★古河駅★時給950円","飲食・フード系 / フードデリバリースタッフ","時給950円","ドミノ・ピザ","12/16～【11:00～20:00 / 実働7時間】","12/16","11:00","20:00"
"ドミノ・ピザ　古河第六小学校前店★フードデリバリー★原付スクーター★日払い（当日手渡し）★古河駅★時給950円","飲食・フード系 / フードデリバリースタッフ","時給950円","ドミノ・ピザ","12/21～【11:00～20:00 / 実働7時間】","12/21","11:00","20:00"
"ドミノ・ピザ　古河第六小学校前店★フードデリバリー★原付スクーター★日払い（当日手渡し）★古河駅★時給950円","飲食・フード系 / フードデリバリースタッフ","時給950円","ドミノ・ピザ","12/22～【10:00～15:00 / 実働5時間】","12/22","10:00","15:00"
"ラジャヴェッタ　洗足店★フードデリバリー★三輪原付スクーター★日払い（翌日振込み）★北千束駅★時給1,200円 /深夜1,500円","飲食・フード系 / フードデリバリースタッフ","時給1200円","有限会社ラジャヴェッタ","12/29～【17:00～22:30 / 実働5時間】","12/29","17:00","22:30"
"ラジャヴェッタ　洗足店★フードデリバリー★三輪原付スクーター★日払い（翌日振込み）★北千束駅★時給1,100円 /深夜1,375円","飲食・フード系 / フードデリバリースタッフ","時給1100円","有限会社ラジャヴェッタ","12/29～【11:30～22:30 / 実働10時間】","12/29","11:30","22:30"
"ラジャヴェッタ　洗足店★フードデリバリー★三輪原付スクーター★日払い（翌日振込み）★北千束駅★時給1,200円 /深夜1,500円","飲食・フード系 / フードデリバリースタッフ","時給1200円","有限会社ラジャヴェッタ","12/30～【17:00～22:30 / 実働5時間】","12/30","17:00","22:30"
"ドミノ・ピザ　古河第六小学校前店★フードデリバリー★原付スクーター★日払い（当日手渡し）★古河駅★時給950円","飲食・フード系 / フードデリバリースタッフ","時給950円","ドミノ・ピザ","12/23～【11:00～20:00 / 実働7時間】","12/23","11:00","20:00"
"ドミノ・ピザ　古河第六小学校前店★フードデリバリー★原付スクーター★日払い（当日手渡し）★古河駅★時給950円","飲食・フード系 / フードデリバリースタッフ","時給950円","ドミノ・ピザ","12/31～【11:00～20:00 / 実働7時間】","12/31","11:00","20:00"
"ガスト　尻手駅前店★フードデリバリー★三輪原付スクーター★日払い（翌日振込み）★尻手駅★時給1,212円","飲食・フード系 / フードデリバリースタッフ","時給1212円","株式会社すかいらーくレストランツ","12/28～【17:00～21:00 / 実働4時間】","12/28","17:00","21:00"
"ドミノ・ピザ　古河第六小学校前店★フードデリバリー★原付スクーター★日払い（当日手渡し）★古河駅★時給950円","飲食・フード系 / フードデリバリースタッフ","時給950円","ドミノ・ピザ","1/5～【11:00～20:00 / 実働7時間】","1/5","11:00","20:00"
"ドミノ・ピザ　守谷店★フードデリバリー★原付スクーター★日払い（当日手渡し）★守谷駅★時給1,000円 /深夜1,250円","飲食・フード系 / フードデリバリースタッフ","時給1000円","ドミノ・ピザ","12/3～【18:00～23:30 / 実働5時間】","12/3","18:00","23:30"
"ドミノ・ピザ　守谷店★フードデリバリー★原付スクーター★日払い（当日手渡し）★守谷駅★時給1,000円 /深夜1,250円","飲食・フード系 / フードデリバリースタッフ","時給1000円","ドミノ・ピザ","12/4～【18:00～23:30 / 実働5時間】","12/4","18:00","23:30"
"ドミノ・ピザ　守谷店★フードデリバリー★原付スクーター★日払い（当日手渡し）★守谷駅★時給1,000円","飲食・フード系 / フードデリバリースタッフ","時給1000円","ドミノ・ピザ","12/6～【11:00～21:00 / 実働8時間】","12/6","11:00","21:00"
"ドミノ・ピザ　守谷店★フードデリバリー★原付スクーター★日払い（当日手渡し）★守谷駅★時給1,000円","飲食・フード系 / フードデリバリースタッフ","時給1000円","ドミノ・ピザ","12/12～【10:00～15:00 / 実働5時間】","12/12","10:00","15:00"
"ドミノ・ピザ　守谷店★フードデリバリー★原付スクーター★日払い（当日手渡し）★守谷駅★時給1,000円","飲食・フード系 / フードデリバリースタッフ","時給1000円","ドミノ・ピザ","12/13～【10:00～15:00 / 実働5時間】","12/13","10:00","15:00"
"ドミノ・ピザ　守谷店★フードデリバリー★原付スクーター★日払い（当日手渡し）★守谷駅★時給1,000円 /深夜1,250円","飲食・フード系 / フードデリバリースタッフ","時給1000円","ドミノ・ピザ","12/13～【18:00～23:30 / 実働5時間】","12/13","18:00","23:30"
"ドミノ・ピザ　守谷店★フードデリバリー★原付スクーター★日払い（当日手渡し）★守谷駅★時給1,000円 /深夜1,250円","飲食・フード系 / フードデリバリースタッフ","時給1000円","ドミノ・ピザ","12/14～【18:00～23:30 / 実働5時間】","12/14","18:00","23:30"
"ドミノ・ピザ　守谷店★フードデリバリー★原付スクーター★日払い（当日手渡し）★守谷駅★時給1,000円","飲食・フード系 / フードデリバリースタッフ","時給1000円","ドミノ・ピザ","12/14～【11:00～21:00 / 実働8時間】","12/14","11:00","21:00"
"韓国チキン専門　韓cook★フードデリバリー★三輪原付スクーター★日払い（当日手渡し）★高円寺駅★時給1,100円","飲食・フード系 / フードデリバリースタッフ","時給1100円","株式会社MOSES","12/25～【11:00～22:00 / 実働10時間】","12/25","11:00","22:00"
"ガスト　野田店★フードデリバリー★三輪原付スクーター★日払い（翌日振込み）★愛宕(千葉県)駅★時給1,125円","飲食・フード系 / フードデリバリースタッフ","時給1125円","株式会社すかいらーくレストランツ","12/20～【11:00～16:30 / 実働4時間】","12/20","11:00","16:30"
"ガスト　野田店★フードデリバリー★三輪原付スクーター★日払い（翌日振込み）★愛宕(千葉県)駅★時給1,125円","飲食・フード系 / フードデリバリースタッフ","時給1125円","株式会社すかいらーくレストランツ","12/21～【11:00～16:30 / 実働4時間】","12/21","11:00","16:30"
"ガスト　野田店★フードデリバリー★三輪原付スクーター★日払い（翌日振込み）★愛宕(千葉県)駅★時給1,125円","飲食・フード系 / フードデリバリースタッフ","時給1125円","株式会社すかいらーくレストランツ","12/22～【11:00～16:30 / 実働4時間】","12/22","11:00","16:30"
"ガスト　厚木恩名店★フードデリバリー★三輪原付スクーター★日払い（翌日振込み）★本厚木駅★時給1,122円","飲食・フード系 / フードデリバリースタッフ","時給1122円","株式会社すかいらーくレストランツ","1/2～【10:00～17:00 / 実働6時間】","1/2","10:00","17:00"
"ガスト　物井店★フードデリバリー★三輪原付スクーター★日払い（翌日振込み）★物井駅★時給1,075円","飲食・フード系 / フードデリバリースタッフ","時給1075円","株式会社すかいらーくレストランツ","12/12～【17:00～21:00 / 実働4時間】","12/12","17:00","21:00"
"ガスト　物井店★フードデリバリー★三輪原付スクーター★日払い（翌日振込み）★物井駅★時給1,075円","飲食・フード系 / フードデリバリースタッフ","時給1075円","株式会社すかいらーくレストランツ","12/16～【17:00～21:00 / 実働4時間】","12/16","17:00","21:00"
"ピザーラ　川崎店★フードデリバリー★三輪原付スクーター★日払い（当日手渡し）★鈴木町駅★時給1,150円","飲食・フード系 / フードデリバリースタッフ","時給1150円","株式会社ウイングレット","12/5～【11:00～20:30 / 実働8時間】","12/5","11:00","20:30"
"ドミノ・ピザ　守谷店★フードデリバリー★原付スクーター★日払い（当日手渡し）★守谷駅★時給1,000円 /深夜1,250円","飲食・フード系 / フードデリバリースタッフ","時給1000円","ドミノ・ピザ","12/3～【18:00～23:30 / 実働5時間】","12/3","18:00","23:30"
"ドミノ・ピザ　守谷店★フードデリバリー★原付スクーター★日払い（当日手渡し）★守谷駅★時給1,000円 /深夜1,250円","飲食・フード系 / フードデリバリースタッフ","時給1000円","ドミノ・ピザ","12/4～【18:00～23:30 / 実働5時間】","12/4","18:00","23:30"
"ドミノ・ピザ　守谷店★フードデリバリー★原付スクーター★日払い（当日手渡し）★守谷駅★時給1,000円","飲食・フード系 / フードデリバリースタッフ","時給1000円","ドミノ・ピザ","12/6～【11:00～21:00 / 実働8時間】","12/6","11:00","21:00"
"ドミノ・ピザ　守谷店★フードデリバリー★原付スクーター★日払い（当日手渡し）★守谷駅★時給1,000円","飲食・フード系 / フードデリバリースタッフ","時給1000円","ドミノ・ピザ","12/12～【10:00～15:00 / 実働5時間】","12/12","10:00","15:00"
"ドミノ・ピザ　守谷店★フードデリバリー★原付スクーター★日払い（当日手渡し）★守谷駅★時給1,000円","飲食・フード系 / フードデリバリースタッフ","時給1000円","ドミノ・ピザ","12/13～【10:00～15:00 / 実働5時間】","12/13","10:00","15:00"
"ドミノ・ピザ　守谷店★フードデリバリー★原付スクーター★日払い（当日手渡し）★守谷駅★時給1,000円 /深夜1,250円","飲食・フード系 / フードデリバリースタッフ","時給1000円","ドミノ・ピザ","12/13～【18:00～23:30 / 実働5時間】","12/13","18:00","23:30"
"ドミノ・ピザ　守谷店★フードデリバリー★原付スクーター★日払い（当日手渡し）★守谷駅★時給1,000円 /深夜1,250円","飲食・フード系 / フードデリバリースタッフ","時給1000円","ドミノ・ピザ","12/14～【18:00～23:30 / 実働5時間】","12/14","18:00","23:30"
"ガスト　野田店★フードデリバリー★三輪原付スクーター★日払い（翌日振込み）★愛宕(千葉県)駅★時給1,125円","飲食・フード系 / フードデリバリースタッフ","時給1125円","株式会社すかいらーくレストランツ","12/16～【11:00～16:30 / 実働4時間】","12/16","11:00","16:30"
"ガスト　野田店★フードデリバリー★三輪原付スクーター★日払い（翌日振込み）★愛宕(千葉県)駅★時給1,125円","飲食・フード系 / フードデリバリースタッフ","時給1125円","株式会社すかいらーくレストランツ","12/20～【11:00～16:30 / 実働4時間】","12/20","11:00","16:30"
"ガスト　物井店★フードデリバリー★三輪原付スクーター★日払い（翌日振込み）★物井駅★時給1,075円","飲食・フード系 / フードデリバリースタッフ","時給1075円","株式会社すかいらーくレストランツ","12/5～【17:00～21:00 / 実働4時間】","12/5","17:00","21:00"
"ガスト　野田店★フードデリバリー★三輪原付スクーター★日払い（翌日振込み）★愛宕(千葉県)駅★時給1,125円","飲食・フード系 / フードデリバリースタッフ","時給1125円","株式会社すかいらーくレストランツ","12/21～【11:00～16:30 / 実働4時間】","12/21","11:00","16:30"
"ガスト　尻手駅前店★フードデリバリー★三輪原付スクーター★日払い（翌日振込み）★尻手駅★時給1,212円","飲食・フード系 / フードデリバリースタッフ","時給1212円","株式会社すかいらーくレストランツ","12/25～【17:00～21:00 / 実働4時間】","12/25","17:00","21:00"
"ガスト　西寺尾店★フードデリバリー★三輪原付スクーター★日払い（翌日振込み）★大口駅★時給1,162円","飲食・フード系 / フードデリバリースタッフ","時給1162円","株式会社すかいらーくレストランツ","12/13～【15:00～21:00 / 実働5時間】","12/13","15:00","21:00"
"ラジャヴェッタ　八幡山店★フードデリバリー★三輪原付スクーター★日払い（当日手渡し）★八幡山駅★時給1,100円 /深夜1,375円","飲食・フード系 / フードデリバリースタッフ","時給1100円","有限会社ラジャヴェッタ","12/1～【17:00～22:30 / 実働5時間】","12/1","17:00","22:30"
"ラジャヴェッタ　洗足店★フードデリバリー★三輪原付スクーター★日払い（翌日振込み）★北千束駅★時給1,100円 /深夜1,375円","飲食・フード系 / フードデリバリースタッフ","時給1100円","有限会社ラジャヴェッタ","12/27～【11:30～22:30 / 実働10時間】","12/27","11:30","22:30"
"ピザーラ　天沼店★フードデリバリー★三輪原付スクーター★日払い（当日手渡し）★大宮(埼玉県)駅★時給1,100円","飲食・フード系 / フードデリバリースタッフ","時給1100円","有限会社ガウディ","12/6～【17:00～22:00 / 実働5時間】","12/6","17:00","22:00"
"ガスト　川口朝日店★フードデリバリー★三輪原付スクーター★日払い（翌日振込み）★南鳩ケ谷駅★時給1,140円","飲食・フード系 / フードデリバリースタッフ","時給1140円","株式会社すかいらーくレストランツ","12/26～【11:00～14:00 / 実働3時間】","12/26","11:00","14:00"
"築地天ぴん　熊谷店★フードデリバリー★三輪原付スクーター★日払い（当日手渡し）★熊谷駅★時給950円","飲食・フード系 / フードデリバリースタッフ","時給950円","築地天ぴん","12/6～【11:00～14:00 / 実働3時間】","12/6","11:00","14:00"
"ガスト　世田谷代田店★フードデリバリー★三輪原付スクーター★日払い（翌日振込み）★若林(東京都)駅★時給1,213円","飲食・フード系 / フードデリバリースタッフ","時給1213円","株式会社すかいらーくレストランツ","12/21～【11:00～18:00 / 実働6時間】","12/21","11:00","18:00"
"ガスト　厚木恩名店★フードデリバリー★三輪原付スクーター★日払い（翌日振込み）★本厚木駅★時給1,122円","飲食・フード系 / フードデリバリースタッフ","時給1122円","株式会社すかいらーくレストランツ","1/3～【17:00～21:00 / 実働4時間】","1/3","17:00","21:00"
"ドミノ・ピザ　守谷店★フードデリバリー★原付スクーター★日払い（当日手渡し）★守谷駅★時給1,000円","飲食・フード系 / フードデリバリースタッフ","時給1000円","ドミノ・ピザ","12/1～【10:00～15:00 / 実働5時間】","12/1","10:00","15:00"
"ドミノ・ピザ　守谷店★フードデリバリー★原付スクーター★日払い（当日手渡し）★守谷駅★時給1,000円","飲食・フード系 / フードデリバリースタッフ","時給1000円","ドミノ・ピザ","12/7～【11:00～21:00 / 実働8時間】","12/7","11:00","21:00"
"ガスト　野田店★フードデリバリー★三輪原付スクーター★日払い（翌日振込み）★愛宕(千葉県)駅★時給1,125円","飲食・フード系 / フードデリバリースタッフ","時給1125円","株式会社すかいらーくレストランツ","12/9～【11:00～16:30 / 実働4時間】","12/9","11:00","16:30"
"ガスト　野田店★フードデリバリー★三輪原付スクーター★日払い（翌日振込み）★愛宕(千葉県)駅★時給1,125円","飲食・フード系 / フードデリバリースタッフ","時給1125円","株式会社すかいらーくレストランツ","12/11～【11:00～16:30 / 実働4時間】","12/11","11:00","16:30"
"ガスト　野田店★フードデリバリー★三輪原付スクーター★日払い（翌日振込み）★愛宕(千葉県)駅★時給1,125円","飲食・フード系 / フードデリバリースタッフ","時給1125円","株式会社すかいらーくレストランツ","12/15～【11:00～16:30 / 実働4時間】","12/15","11:00","16:30"
"ガスト　野田店★フードデリバリー★三輪原付スクーター★日払い（翌日振込み）★愛宕(千葉県)駅★時給1,125円","飲食・フード系 / フードデリバリースタッフ","時給1125円","株式会社すかいらーくレストランツ","12/16～【11:00～16:30 / 実働4時間】","12/16","11:00","16:30"
"ガスト　物井店★フードデリバリー★三輪原付スクーター★日払い（翌日振込み）★物井駅★時給1,075円","飲食・フード系 / フードデリバリースタッフ","時給1075円","株式会社すかいらーくレストランツ","12/2～【17:00～21:00 / 実働4時間】","12/2","17:00","21:00"
"ガスト　物井店★フードデリバリー★三輪原付スクーター★日払い（翌日振込み）★物井駅★時給1,075円","飲食・フード系 / フードデリバリースタッフ","時給1075円","株式会社すかいらーくレストランツ","12/5～【17:00～21:00 / 実働4時間】","12/5","17:00","21:00"
"ピザーラ　川崎店★フードデリバリー★三輪原付スクーター★日払い（当日手渡し）★鈴木町駅★時給1,200円","飲食・フード系 / フードデリバリースタッフ","時給1200円","株式会社ウイングレット","12/6～【17:00～22:00 / 実働5時間】","12/6","17:00","22:00"
"ガスト　穴川インター店★フードデリバリー★三輪原付スクーター★日払い（翌日振込み）★スポーツセンター駅★時給1,075円","飲食・フード系 / フードデリバリースタッフ","時給1075円","株式会社すかいらーくレストランツ","12/7～【16:30～20:30 / 実働4時間】","12/7","16:30","20:30"
"KEN★フードデリバリー★スーパーカブ（125cc以下）★日払い（当日手渡し）★代々木駅★時給1,250円","飲食・フード系 / フードデリバリースタッフ","時給1250円","有限会社依田商事","12/14～【18:00～21:00 / 実働3時間】","12/14","18:00","21:00"
"ガスト　西寺尾店★フードデリバリー★三輪原付スクーター★日払い（翌日振込み）★大口駅★時給1,162円","飲食・フード系 / フードデリバリースタッフ","時給1162円","株式会社すかいらーくレストランツ","12/11～【16:00～21:00 / 実働5時間】","12/11","16:00","21:00"
"築地天ぴん　熊谷店★フードデリバリー★三輪原付スクーター★日払い（当日手渡し）★熊谷駅★時給950円","飲食・フード系 / フードデリバリースタッフ","時給950円","築地天ぴん","12/4～【11:00～14:00 / 実働3時間】","12/4","11:00","14:00"
"ラジャヴェッタ　洗足店★フードデリバリー★三輪原付スクーター★日払い（翌日振込み）★北千束駅★時給1,200円 /深夜1,500円","飲食・フード系 / フードデリバリースタッフ","時給1200円","有限会社ラジャヴェッタ","12/26～【17:00～22:30 / 実働5時間】","12/26","17:00","22:30"
"ラジャヴェッタ　洗足店★フードデリバリー★三輪原付スクーター★日払い（翌日振込み）★北千束駅★時給1,100円 /深夜1,375円","飲食・フード系 / フードデリバリースタッフ","時給1100円","有限会社ラジャヴェッタ","12/27～【11:30～22:30 / 実働10時間】","12/27","11:30","22:30"
"出前館　三軒茶屋店★フードデリバリー★三輪原付スクーター★日払い（翌日振込み）★学芸大学駅★時給1,020円","飲食・フード系 / フードデリバリースタッフ","時給1020円","株式会社出前館","12/5～【11:00～21:00 / 実働8時間】","12/5","11:00","21:00"
"ガスト　田園調布店★フードデリバリー★三輪原付スクーター★日払い（翌日振込み）★沼部駅★時給1,213円","飲食・フード系 / フードデリバリースタッフ","時給1213円","株式会社すかいらーくレストランツ","12/11～【18:00～22:00 / 実働4時間】","12/11","18:00","22:00"
"ドミノ・ピザ　古河第六小学校前店★フードデリバリー★原付スクーター★日払い（当日手渡し）★古河駅★時給950円","飲食・フード系 / フードデリバリースタッフ","時給950円","ドミノ・ピザ","12/22～【10:00～15:00 / 実働5時間】","12/22","10:00","15:00"
"ドミノ・ピザ　守谷店★フードデリバリー★原付スクーター★日払い（当日手渡し）★守谷駅★時給1,000円","飲食・フード系 / フードデリバリースタッフ","時給1000円","ドミノ・ピザ","12/21～【10:00～15:00 / 実働5時間】","12/21","10:00","15:00"
"ドミノ・ピザ　古河第六小学校前店★フードデリバリー★原付スクーター★日払い（当日手渡し）★古河駅★時給950円","飲食・フード系 / フードデリバリースタッフ","時給950円","ドミノ・ピザ","12/23～【11:00～20:00 / 実働7時間】","12/23","11:00","20:00"
"ドミノ・ピザ　守谷店★フードデリバリー★原付スクーター★日払い（当日手渡し）★守谷駅★時給1,000円","飲食・フード系 / フードデリバリースタッフ","時給1000円","ドミノ・ピザ","1/1～【11:00～21:00 / 実働8時間】","1/1","11:00","21:00"
"ドミノ・ピザ　守谷店★フードデリバリー★原付スクーター★日払い（当日手渡し）★守谷駅★時給1,000円 /深夜1,250円","飲食・フード系 / フードデリバリースタッフ","時給1000円","ドミノ・ピザ","1/1～【18:00～23:30 / 実働5時間】","1/1","18:00","23:30"
"ドミノ・ピザ　守谷店★フードデリバリー★原付スクーター★日払い（当日手渡し）★守谷駅★時給1,000円","飲食・フード系 / フードデリバリースタッフ","時給1000円","ドミノ・ピザ","1/9～【10:00～15:00 / 実働5時間】","1/9","10:00","15:00"
"ドミノ・ピザ　守谷店★フードデリバリー★原付スクーター★日払い（当日手渡し）★守谷駅★時給1,000円 /深夜1,250円","飲食・フード系 / フードデリバリースタッフ","時給1000円","ドミノ・ピザ","1/10～【18:00～23:30 / 実働5時間】","1/10","18:00","23:30"
"ドミノ・ピザ　古河第六小学校前店★フードデリバリー★原付スクーター★日払い（当日手渡し）★古河駅★時給950円 /深夜1,188円","飲食・フード系 / フードデリバリースタッフ","時給950円","ドミノ・ピザ","12/5～【18:00～00:30 / 実働5時間】","12/5","18:00","00:30"
"ドミノ・ピザ　古河第六小学校前店★フードデリバリー★原付スクーター★日払い（当日手渡し）★古河駅★時給950円 /深夜1,188円","飲食・フード系 / フードデリバリースタッフ","時給950円","ドミノ・ピザ","12/10～【18:00～00:30 / 実働5時間】","12/10","18:00","00:30"
"ドミノ・ピザ　古河第六小学校前店★フードデリバリー★原付スクーター★日払い（当日手渡し）★古河駅★時給950円","飲食・フード系 / フードデリバリースタッフ","時給950円","ドミノ・ピザ","12/12～【11:00～20:00 / 実働7時間】","12/12","11:00","20:00"
"ドミノ・ピザ　古河第六小学校前店★フードデリバリー★原付スクーター★日払い（当日手渡し）★古河駅★時給950円 /深夜1,188円","飲食・フード系 / フードデリバリースタッフ","時給950円","ドミノ・ピザ","1/6～【18:00～00:30 / 実働5時間】","1/6","18:00","00:30"
"ドミノ・ピザ　古河第六小学校前店★フードデリバリー★原付スクーター★日払い（当日手渡し）★古河駅★時給950円","飲食・フード系 / フードデリバリースタッフ","時給950円","ドミノ・ピザ","1/7～【10:00～15:00 / 実働5時間】","1/7","10:00","15:00"
"ドミノ・ピザ　古河第六小学校前店★フードデリバリー★原付スクーター★日払い（当日手渡し）★古河駅★時給950円 /深夜1,188円","飲食・フード系 / フードデリバリースタッフ","時給950円","ドミノ・ピザ","1/4～【18:00～00:30 / 実働5時間】","1/4","18:00","00:30"
"ドミノ・ピザ　浦和常盤店★フードデリバリー★原付スクーター★日払い（翌日振込み）★北浦和駅★時給1,100円 /深夜1,375円","飲食・フード系 / フードデリバリースタッフ","時給1100円","株式会社Lucky","12/5～【16:00～00:00 / 実働7時間】","12/5","16:00","00:00"
"ピザーラ　青葉台店★フードデリバリー★三輪原付スクーター★日払い（当日手渡し）★藤が丘(神奈川県)駅★時給1,080円","飲食・フード系 / フードデリバリースタッフ","時給1080円","有限会社フォアアソシエイツ","12/25～【17:00～21:00 / 実働4時間】","12/25","17:00","21:00"
"韓国チキン専門　韓cook★フードデリバリー★三輪原付スクーター★日払い（当日手渡し）★高円寺駅★時給1,100円","飲食・フード系 / フードデリバリースタッフ","時給1100円","株式会社MOSES","12/25～【11:00～22:00 / 実働10時間】","12/25","11:00","22:00"
"ドミノ・ピザ　古河第六小学校前店★フードデリバリー★原付スクーター★日払い（当日手渡し）★古河駅★時給950円 /深夜1,188円","飲食・フード系 / フードデリバリースタッフ","時給950円","ドミノ・ピザ","12/29～【18:00～00:30 / 実働5時間】","12/29","18:00","00:30"
"ドミノ・ピザ　古河第六小学校前店★フードデリバリー★原付スクーター★日払い（当日手渡し）★古河駅★時給950円 /深夜1,188円","飲食・フード系 / フードデリバリースタッフ","時給950円","ドミノ・ピザ","1/1～【18:00～00:30 / 実働5時間】","1/1","18:00","00:30"
"ドミノ・ピザ　古河第六小学校前店★フードデリバリー★原付スクーター★日払い（当日手渡し）★古河駅★時給950円","飲食・フード系 / フードデリバリースタッフ","時給950円","ドミノ・ピザ","1/1～【10:00～15:00 / 実働5時間】","1/1","10:00","15:00"
"ガスト　厚木恩名店★フードデリバリー★三輪原付スクーター★日払い（翌日振込み）★本厚木駅★時給1,122円","飲食・フード系 / フードデリバリースタッフ","時給1122円","株式会社すかいらーくレストランツ","1/2～【10:00～17:00 / 実働6時間】","1/2","10:00","17:00"
"ドミノ・ピザ　古河第六小学校前店★フードデリバリー★原付スクーター★日払い（当日手渡し）★古河駅★時給950円 /深夜1,188円","飲食・フード系 / フードデリバリースタッフ","時給950円","ドミノ・ピザ","1/6～【18:00～00:30 / 実働5時間】","1/6","18:00","00:30"
"ガスト　野田店★フードデリバリー★三輪原付スクーター★日払い（翌日振込み）★愛宕(千葉県)駅★時給1,125円","飲食・フード系 / フードデリバリースタッフ","時給1125円","株式会社すかいらーくレストランツ","12/22～【11:00～16:30 / 実働4時間】","12/22","11:00","16:30"
"ガスト　野田店★フードデリバリー★三輪原付スクーター★日払い（翌日振込み）★愛宕(千葉県)駅★時給1,125円","飲食・フード系 / フードデリバリースタッフ","時給1125円","株式会社すかいらーくレストランツ","12/24～【17:00～21:00 / 実働4時間】","12/24","17:00","21:00"
"ガスト　物井店★フードデリバリー★三輪原付スクーター★日払い（翌日振込み）★物井駅★時給1,075円","飲食・フード系 / フードデリバリースタッフ","時給1075円","株式会社すかいらーくレストランツ","12/12～【17:00～21:00 / 実働4時間】","12/12","17:00","21:00"
"ガスト　物井店★フードデリバリー★三輪原付スクーター★日払い（翌日振込み）★物井駅★時給1,075円","飲食・フード系 / フードデリバリースタッフ","時給1075円","株式会社すかいらーくレストランツ","12/16～【17:00～21:00 / 実働4時間】","12/16","17:00","21:00"
"ピザーラ　川崎店★フードデリバリー★三輪原付スクーター★日払い（当日手渡し）★鈴木町駅★時給1,150円","飲食・フード系 / フードデリバリースタッフ","時給1150円","株式会社ウイングレット","12/5～【11:00～20:30 / 実働8時間】","12/5","11:00","20:30"
"カレーハウスCoCo壱番屋　JR北赤羽駅前店★フードデリバリー★原付スクーター★日払い（当日手渡し）★北赤羽駅★時給1,050円","飲食・フード系 / フードデリバリースタッフ","時給1050円","カレーハウスCoCo壱番屋","12/4～【11:00～14:00 / 実働3時間】","12/4","11:00","14:00"
"ガスト　さいたま山崎店★フードデリバリー★三輪原付スクーター★日払い（翌日振込み）★与野駅★時給1,100円","飲食・フード系 / フードデリバリースタッフ","時給1100円","株式会社すかいらーくレストランツ","12/13～【17:00～22:00 / 実働5時間】","12/13","17:00","22:00"
"ガスト　練馬向山店★フードデリバリー★三輪原付スクーター★日払い（翌日振込み）★中村橋駅★時給1,213円","飲食・フード系 / フードデリバリースタッフ","時給1213円","株式会社すかいらーくレストランツ","12/3～【17:00～22:00 / 実働5時間】","12/3","17:00","22:00"
"ドミノ・ピザ　我孫子若松店★フードデリバリー★原付スクーター★日払い（当日手渡し）★我孫子駅★時給1,100円","飲食・フード系 / フードデリバリースタッフ","時給1100円","ドミノ・ピザ","12/5～【11:00～21:00 / 実働8時間】","12/5","11:00","21:00"
"ピザーラ　磯子店★フードデリバリー★三輪原付スクーター★日払い（当日手渡し）★磯子駅★時給1,100円","飲食・フード系 / フードデリバリースタッフ","時給1100円","株式会社Wing","12/6～【11:00～21:00 / 実働8時間】","12/6","11:00","21:00"
"宅配とんかつ　ひでかつ　横浜泉店★フードデリバリー★三輪原付スクーター★日払い（当日手渡し）★踊場駅★時給1,050円","飲食・フード系 / フードデリバリースタッフ","時給1050円","株式会社ケイディーアイ","12/3～【11:00～15:00 / 実働4時間】","12/3","11:00","15:00"
"ドミノ・ピザ　桜台店★フードデリバリー★原付スクーター★日払い（翌日振込み）★新桜台駅★時給1,120円","飲食・フード系 / フードデリバリースタッフ","時給1120円","株式会社ドミノ・ピザ","12/25～【16:30～21:00 / 実働4時間】","12/25","16:30","21:00"
"ドミノ・ピザ　桜台店★フードデリバリー★原付スクーター★日払い（翌日振込み）★新桜台駅★時給1,120円","飲食・フード系 / フードデリバリースタッフ","時給1120円","株式会社ドミノ・ピザ","12/26～【10:30～15:00 / 実働4時間】","12/26","10:30","15:00"
"ドミノ・ピザ　桜台店★フードデリバリー★原付スクーター★日払い（翌日振込み）★新桜台駅★時給1,120円","飲食・フード系 / フードデリバリースタッフ","時給1120円","株式会社ドミノ・ピザ","12/20～【10:30～15:00 / 実働4時間】","12/20","10:30","15:00"
"ドミノ・ピザ　桜台店★フードデリバリー★原付スクーター★日払い（翌日振込み）★新桜台駅★時給1,120円","飲食・フード系 / フードデリバリースタッフ","時給1120円","株式会社ドミノ・ピザ","12/13～【16:30～21:00 / 実働4時間】","12/13","16:30","21:00"
"ドミノ・ピザ　東十条店★フードデリバリー★原付スクーター★日払い（翌日振込み）★王子神谷駅★時給1,120円","飲食・フード系 / フードデリバリースタッフ","時給1120円","株式会社ドミノ・ピザ","12/19～【16:30～21:00 / 実働4時間】","12/19","16:30","21:00"
"ドミノ・ピザ　東十条店★フードデリバリー★原付スクーター★日払い（翌日振込み）★王子神谷駅★時給1,120円","飲食・フード系 / フードデリバリースタッフ","時給1120円","株式会社ドミノ・ピザ","12/26～【16:30～21:00 / 実働4時間】","12/26","16:30","21:00"
"ドミノ・ピザ　東十条店★フードデリバリー★原付スクーター★日払い（翌日振込み）★王子神谷駅★時給1,120円","飲食・フード系 / フードデリバリースタッフ","時給1120円","株式会社ドミノ・ピザ","12/27～【16:30～21:00 / 実働4時間】","12/27","16:30","21:00"
"かさねや　仙川店★フードデリバリー★三輪原付スクーター★日払い（当日手渡し）★仙川駅★時給1,150円","飲食・フード系 / フードデリバリースタッフ","時給1150円","株式会社SBIC","12/14～【11:00～16:00 / 実働5時間】","12/14","11:00","16:00"
"かさねや　仙川店★フードデリバリー★三輪原付スクーター★日払い（当日手渡し）★仙川駅★時給1,150円","飲食・フード系 / フードデリバリースタッフ","時給1150円","株式会社SBIC","12/14～【17:00～22:00 / 実働5時間】","12/14","17:00","22:00"
"ピザーラ　シーサイドタウン店★フードデリバリー★三輪原付スクーター★日払い（当日手渡し）★杉田(神奈川県)駅★時給1,100円","飲食・フード系 / フードデリバリースタッフ","時給1100円","株式会社Wing","12/6～【15:00～21:00 / 実働6時間】","12/6","15:00","21:00"
"ドミノ・ピザ　四街道店★フードデリバリー★原付スクーター★日払い（当日手渡し）★四街道駅★時給1,100円","飲食・フード系 / フードデリバリースタッフ","時給1100円","株式会社ドラセナ","12/3～【17:00～21:00 / 実働4時間】","12/3","17:00","21:00"
"出前館　町田店★フードデリバリー★三輪原付スクーター★日払い（翌日振込み）★矢部駅★時給1,020円","飲食・フード系 / フードデリバリースタッフ","時給1020円","株式会社出前館","12/1～【17:00～21:00 / 実働4時間】","12/1","17:00","21:00"
"出前館　町田店★フードデリバリー★三輪原付スクーター★日払い（翌日振込み）★矢部駅★時給1,020円","飲食・フード系 / フードデリバリースタッフ","時給1020円","株式会社出前館","12/3～【11:00～15:00 / 実働4時間】","12/3","11:00","15:00"
"ガスト　相模原原当麻店★フードデリバリー★三輪原付スクーター★日払い（翌日振込み）★原当麻駅★時給1,142円","飲食・フード系 / フードデリバリースタッフ","時給1142円","株式会社すかいらーくレストランツ","12/5～【11:00～14:00 / 実働3時間】","12/5","11:00","14:00"
"ガスト　穴川インター店★フードデリバリー★三輪原付スクーター★日払い（翌日振込み）★スポーツセンター駅★時給1,075円","飲食・フード系 / フードデリバリースタッフ","時給1075円","株式会社すかいらーくレストランツ","12/3～【16:30～20:30 / 実働4時間】","12/3","16:30","20:30"
"ラジャヴェッタ　池尻店★フードデリバリー★三輪原付スクーター★日払い（翌日振込み）★池尻大橋駅★時給1,100円 /深夜1,375円","飲食・フード系 / フードデリバリースタッフ","時給1100円","有限会社ラジャヴェッタ","12/1～【17:00～22:30 / 実働5時間】","12/1","17:00","22:30"
"ラジャヴェッタ　洗足店★フードデリバリー★三輪原付スクーター★日払い（翌日振込み）★北千束駅★時給1,200円 /深夜1,500円","飲食・フード系 / フードデリバリースタッフ","時給1200円","有限会社ラジャヴェッタ","12/28～【17:00～22:30 / 実働5時間】","12/28","17:00","22:30"
"ラジャヴェッタ　洗足店★フードデリバリー★三輪原付スクーター★日払い（翌日振込み）★北千束駅★時給1,150円","飲食・フード系 / フードデリバリースタッフ","時給1150円","有限会社ラジャヴェッタ","12/26～【11:30～17:00 / 実働5時間】","12/26","11:30","17:00"
"ラジャヴェッタ　洗足店★フードデリバリー★三輪原付スクーター★日払い（翌日振込み）★北千束駅★時給1,200円 /深夜1,500円","飲食・フード系 / フードデリバリースタッフ","時給1200円","有限会社ラジャヴェッタ","1/5～【17:00～22:30 / 実働5時間】","1/5","17:00","22:30"
"ラジャヴェッタ　洗足店★フードデリバリー★三輪原付スクーター★日払い（翌日振込み）★北千束駅★時給1,100円 /深夜1,375円","飲食・フード系 / フードデリバリースタッフ","時給1100円","有限会社ラジャヴェッタ","1/6～【11:30～22:30 / 実働10時間】","1/6","11:30","22:30"
"ピザーラ　与野店★フードデリバリー★三輪原付スクーター★日払い（当日手渡し）★与野本町駅★時給1,100円 /深夜1,375円","飲食・フード系 / フードデリバリースタッフ","時給1100円","有限会社ガウディ","12/1～【17:30～23:00 / 実働5時間】","12/1","17:30","23:00"
"出前館　三軒茶屋店★フードデリバリー★三輪原付スクーター★日払い（翌日振込み）★学芸大学駅★時給1,020円","飲食・フード系 / フードデリバリースタッフ","時給1020円","株式会社出前館","12/2～【11:00～21:00 / 実働8時間】","12/2","11:00","21:00"
"ガスト　厚木恩名店★フードデリバリー★三輪原付スクーター★日払い（翌日振込み）★本厚木駅★時給1,122円","飲食・フード系 / フードデリバリースタッフ","時給1122円","株式会社すかいらーくレストランツ","12/25～【10:00～17:00 / 実働6時間】","12/25","10:00","17:00"
"ガスト　厚木恩名店★フードデリバリー★三輪原付スクーター★日払い（翌日振込み）★本厚木駅★時給1,122円","飲食・フード系 / フードデリバリースタッフ","時給1122円","株式会社すかいらーくレストランツ","1/1～【17:00～21:00 / 実働4時間】","1/1","17:00","21:00"
"ガスト　厚木恩名店★フードデリバリー★三輪原付スクーター★日払い（翌日振込み）★本厚木駅★時給1,122円","飲食・フード系 / フードデリバリースタッフ","時給1122円","株式会社すかいらーくレストランツ","1/1～【10:00～17:00 / 実働6時間】","1/1","10:00","17:00"
"ドミノ・ピザ　守谷店★フードデリバリー★原付スクーター★日払い（当日手渡し）★守谷駅★時給1,000円 /深夜1,250円","飲食・フード系 / フードデリバリースタッフ","時給1000円","ドミノ・ピザ","12/5～【18:00～23:30 / 実働5時間】","12/5","18:00","23:30"
"ドミノ・ピザ　守谷店★フードデリバリー★原付スクーター★日払い（当日手渡し）★守谷駅★時給1,000円","飲食・フード系 / フードデリバリースタッフ","時給1000円","ドミノ・ピザ","12/7～【10:00～15:00 / 実働5時間】","12/7","10:00","15:00"
"ドミノ・ピザ　守谷店★フードデリバリー★原付スクーター★日払い（当日手渡し）★守谷駅★時給1,000円 /深夜1,250円","飲食・フード系 / フードデリバリースタッフ","時給1000円","ドミノ・ピザ","12/11～【18:00～23:30 / 実働5時間】","12/11","18:00","23:30"
"ドミノ・ピザ　守谷店★フードデリバリー★原付スクーター★日払い（当日手渡し）★守谷駅★時給1,000円","飲食・フード系 / フードデリバリースタッフ","時給1000円","ドミノ・ピザ","1/10～【11:00～21:00 / 実働8時間】","1/10","11:00","21:00"
"ドミノ・ピザ　古河第六小学校前店★フードデリバリー★原付スクーター★日払い（当日手渡し）★古河駅★時給950円 /深夜1,188円","飲食・フード系 / フードデリバリースタッフ","時給950円","ドミノ・ピザ","12/6～【18:00～00:30 / 実働5時間】","12/6","18:00","00:30"
"ドミノ・ピザ　古河第六小学校前店★フードデリバリー★原付スクーター★日払い（当日手渡し）★古河駅★時給950円","飲食・フード系 / フードデリバリースタッフ","時給950円","ドミノ・ピザ","12/15～【10:00～15:00 / 実働5時間】","12/15","10:00","15:00"
"ドミノ・ピザ　古河第六小学校前店★フードデリバリー★原付スクーター★日払い（当日手渡し）★古河駅★時給950円","飲食・フード系 / フードデリバリースタッフ","時給950円","ドミノ・ピザ","12/29～【11:00～20:00 / 実働7時間】","12/29","11:00","20:00"
"ドミノ・ピザ　古河第六小学校前店★フードデリバリー★原付スクーター★日払い（当日手渡し）★古河駅★時給950円","飲食・フード系 / フードデリバリースタッフ","時給950円","ドミノ・ピザ","1/1～【11:00～20:00 / 実働7時間】","1/1","11:00","20:00"
"ドミノ・ピザ　古河第六小学校前店★フードデリバリー★原付スクーター★日払い（当日手渡し）★古河駅★時給950円","飲食・フード系 / フードデリバリースタッフ","時給950円","ドミノ・ピザ","1/8～【11:00～20:00 / 実働7時間】","1/8","11:00","20:00"
"ドミノ・ピザ　古河第六小学校前店★フードデリバリー★原付スクーター★日払い（当日手渡し）★古河駅★時給950円","飲食・フード系 / フードデリバリースタッフ","時給950円","ドミノ・ピザ","1/9～【10:00～15:00 / 実働5時間】","1/9","10:00","15:00"
"ガスト　野田店★フードデリバリー★三輪原付スクーター★日払い（翌日振込み）★愛宕(千葉県)駅★時給1,125円","飲食・フード系 / フードデリバリースタッフ","時給1125円","株式会社すかいらーくレストランツ","12/23～【11:00～16:30 / 実働4時間】","12/23","11:00","16:30"
"ガスト　穴川インター店★フードデリバリー★三輪原付スクーター★日払い（翌日振込み）★スポーツセンター駅★時給1,075円","飲食・フード系 / フードデリバリースタッフ","時給1075円","株式会社すかいらーくレストランツ","12/3～【16:30～20:30 / 実働4時間】","12/3","16:30","20:30"
"ガスト　物井店★フードデリバリー★三輪原付スクーター★日払い（翌日振込み）★物井駅★時給1,075円","飲食・フード系 / フードデリバリースタッフ","時給1075円","株式会社すかいらーくレストランツ","12/23～【17:00～21:00 / 実働4時間】","12/23","17:00","21:00"
"ドミノ・ピザ　船橋湊町店★フードデリバリー★原付スクーター★日払い（当日手渡し）★京成船橋駅★時給1,100円","飲食・フード系 / フードデリバリースタッフ","時給1100円","株式会社ドラセナ","12/5～【16:00～21:00 / 実働5時間】","12/5","16:00","21:00"
"ピザーラ　与野店★フードデリバリー★三輪原付スクーター★日払い（当日手渡し）★与野本町駅★時給1,100円 /深夜1,375円","飲食・フード系 / フードデリバリースタッフ","時給1100円","有限会社ガウディ","12/1～【17:30～23:00 / 実働5時間】","12/1","17:30","23:00"
"ガスト　さいたま山崎店★フードデリバリー★三輪原付スクーター★日払い（翌日振込み）★与野駅★時給1,100円","飲食・フード系 / フードデリバリースタッフ","時給1100円","株式会社すかいらーくレストランツ","12/12～【17:00～20:00 / 実働3時間】","12/12","17:00","20:00"
"ガスト　厚木恩名店★フードデリバリー★三輪原付スクーター★日払い（翌日振込み）★本厚木駅★時給1,122円","飲食・フード系 / フードデリバリースタッフ","時給1122円","株式会社すかいらーくレストランツ","12/25～【10:00～17:00 / 実働6時間】","12/25","10:00","17:00"
"ガスト　厚木恩名店★フードデリバリー★三輪原付スクーター★日払い（翌日振込み）★本厚木駅★時給1,122円","飲食・フード系 / フードデリバリースタッフ","時給1122円","株式会社すかいらーくレストランツ","1/1～【17:00～21:00 / 実働4時間】","1/1","17:00","21:00"
"ガスト　厚木恩名店★フードデリバリー★三輪原付スクーター★日払い（翌日振込み）★本厚木駅★時給1,122円","飲食・フード系 / フードデリバリースタッフ","時給1122円","株式会社すかいらーくレストランツ","1/1～【10:00～17:00 / 実働6時間】","1/1","10:00","17:00"
"ドミノ・ピザ　守谷店★フードデリバリー★原付スクーター★日払い（当日手渡し）★守谷駅★時給1,000円 /深夜1,250円","飲食・フード系 / フードデリバリースタッフ","時給1000円","ドミノ・ピザ","12/5～【18:00～23:30 / 実働5時間】","12/5","18:00","23:30"
"ドミノ・ピザ　守谷店★フードデリバリー★原付スクーター★日払い（当日手渡し）★守谷駅★時給1,000円","飲食・フード系 / フードデリバリースタッフ","時給1000円","ドミノ・ピザ","12/7～【10:00～15:00 / 実働5時間】","12/7","10:00","15:00"
"ドミノ・ピザ　守谷店★フードデリバリー★原付スクーター★日払い（当日手渡し）★守谷駅★時給1,000円 /深夜1,250円","飲食・フード系 / フードデリバリースタッフ","時給1000円","ドミノ・ピザ","12/11～【18:00～23:30 / 実働5時間】","12/11","18:00","23:30"
"ドミノ・ピザ　守谷店★フードデリバリー★原付スクーター★日払い（当日手渡し）★守谷駅★時給1,000円","飲食・フード系 / フードデリバリースタッフ","時給1000円","ドミノ・ピザ","12/11～【11:00～21:00 / 実働8時間】","12/11","11:00","21:00"
"ドミノ・ピザ　守谷店★フードデリバリー★原付スクーター★日払い（当日手渡し）★守谷駅★時給1,000円 /深夜1,250円","飲食・フード系 / フードデリバリースタッフ","時給1000円","ドミノ・ピザ","12/12～【18:00～23:30 / 実働5時間】","12/12","18:00","23:30"
"ドミノ・ピザ　守谷店★フードデリバリー★原付スクーター★日払い（当日手渡し）★守谷駅★時給1,000円","飲食・フード系 / フードデリバリースタッフ","時給1000円","ドミノ・ピザ","12/13～【11:00～21:00 / 実働8時間】","12/13","11:00","21:00"
"ドミノ・ピザ　守谷店★フードデリバリー★原付スクーター★日払い（当日手渡し）★守谷駅★時給1,000円","飲食・フード系 / フードデリバリースタッフ","時給1000円","ドミノ・ピザ","12/14～【10:00～15:00 / 実働5時間】","12/14","10:00","15:00"
"ドミノ・ピザ　守谷店★フードデリバリー★原付スクーター★日払い（当日手渡し）★守谷駅★時給1,000円","飲食・フード系 / フードデリバリースタッフ","時給1000円","ドミノ・ピザ","12/15～【10:00～15:00 / 実働5時間】","12/15","10:00","15:00"
"ドミノ・ピザ　守谷店★フードデリバリー★原付スクーター★日払い（当日手渡し）★守谷駅★時給1,000円","飲食・フード系 / フードデリバリースタッフ","時給1000円","ドミノ・ピザ","12/19～【11:00～21:00 / 実働8時間】","12/19","11:00","21:00"
"ドミノ・ピザ　守谷店★フードデリバリー★原付スクーター★日払い（当日手渡し）★守谷駅★時給1,000円","飲食・フード系 / フードデリバリースタッフ","時給1000円","ドミノ・ピザ","12/20～【11:00～21:00 / 実働8時間】","12/20","11:00","21:00"
"ドミノ・ピザ　守谷店★フードデリバリー★原付スクーター★日払い（当日手渡し）★守谷駅★時給1,000円","飲食・フード系 / フードデリバリースタッフ","時給1000円","ドミノ・ピザ","12/21～【11:00～21:00 / 実働8時間】","12/21","11:00","21:00"
"ドミノ・ピザ　守谷店★フードデリバリー★原付スクーター★日払い（当日手渡し）★守谷駅★時給1,000円","飲食・フード系 / フードデリバリースタッフ","時給1000円","ドミノ・ピザ","12/22～【11:00～21:00 / 実働8時間】","12/22","11:00","21:00"
"ドミノ・ピザ　守谷店★フードデリバリー★原付スクーター★日払い（当日手渡し）★守谷駅★時給1,000円","飲食・フード系 / フードデリバリースタッフ","時給1000円","ドミノ・ピザ","12/28～【10:00～15:00 / 実働5時間】","12/28","10:00","15:00"
"ドミノ・ピザ　守谷店★フードデリバリー★原付スクーター★日払い（当日手渡し）★守谷駅★時給1,000円 /深夜1,250円","飲食・フード系 / フードデリバリースタッフ","時給1000円","ドミノ・ピザ","12/28～【18:00～23:30 / 実働5時間】","12/28","18:00","23:30"
"ラジャヴェッタ　駒沢店★フードデリバリー★三輪原付スクーター★日払い（翌日振込み）★桜新町駅★時給1,100円 /深夜1,375円","飲食・フード系 / フードデリバリースタッフ","時給1100円","有限会社ラジャヴェッタ","12/2～【17:00～22:30 / 実働5時間】","12/2","17:00","22:30"
"ピザハット　五井店★フードデリバリー★原付スクーター★日払い（当日手渡し）★五井駅★時給1,200円","飲食・フード系 / フードデリバリースタッフ","時給1200円","株式会社LIBERO","12/30～【11:00～20:00 / 実働8時間】","12/30","11:00","20:00"
"ラジャヴェッタ　洗足店★フードデリバリー★三輪原付スクーター★日払い（翌日振込み）★北千束駅★時給1,150円","飲食・フード系 / フードデリバリースタッフ","時給1150円","有限会社ラジャヴェッタ","12/26～【11:30～17:00 / 実働5時間】","12/26","11:30","17:00"
"ラジャヴェッタ　洗足店★フードデリバリー★三輪原付スクーター★日払い（翌日振込み）★北千束駅★時給1,200円 /深夜1,500円","飲食・フード系 / フードデリバリースタッフ","時給1200円","有限会社ラジャヴェッタ","1/5～【17:00～22:30 / 実働5時間】","1/5","17:00","22:30"
"ラジャヴェッタ　洗足店★フードデリバリー★三輪原付スクーター★日払い（翌日振込み）★北千束駅★時給1,200円 /深夜1,500円","飲食・フード系 / フードデリバリースタッフ","時給1200円","有限会社ラジャヴェッタ","1/6～【17:00～22:30 / 実働5時間】","1/6","17:00","22:30"
"カレーハウスCoCo壱番屋　新宿高田馬場店★フードデリバリー★三輪原付スクーター★月払い★高田馬場駅★時給1,100円","飲食・フード系 / フードデリバリースタッフ","時給1100円","株式会社ディライテッド","12/9～【11:00～15:30 / 実働4時間】","12/9","11:00","15:30"
"カレーハウスCoCo壱番屋　新宿高田馬場店★フードデリバリー★三輪原付スクーター★月払い★高田馬場駅★時給1,100円","飲食・フード系 / フードデリバリースタッフ","時給1100円","株式会社ディライテッド","12/11～【11:00～15:30 / 実働4時間】","12/11","11:00","15:30"
"ドミノ・ピザ　守谷店★フードデリバリー★原付スクーター★日払い（当日手渡し）★守谷駅★時給1,000円","飲食・フード系 / フードデリバリースタッフ","時給1000円","ドミノ・ピザ","12/3～【10:00～15:00 / 実働5時間】","12/3","10:00","15:00"
"ドミノ・ピザ　守谷店★フードデリバリー★原付スクーター★日払い（当日手渡し）★守谷駅★時給1,000円 /深夜1,250円","飲食・フード系 / フードデリバリースタッフ","時給1000円","ドミノ・ピザ","12/8～【18:00～23:30 / 実働5時間】","12/8","18:00","23:30"
"ドミノ・ピザ　守谷店★フードデリバリー★原付スクーター★日払い（当日手渡し）★守谷駅★時給1,000円","飲食・フード系 / フードデリバリースタッフ","時給1000円","ドミノ・ピザ","12/10～【10:00～15:00 / 実働5時間】","12/10","10:00","15:00"
"ドミノ・ピザ　守谷店★フードデリバリー★原付スクーター★日払い（当日手渡し）★守谷駅★時給1,000円","飲食・フード系 / フードデリバリースタッフ","時給1000円","ドミノ・ピザ","12/10～【11:00～21:00 / 実働8時間】","12/10","11:00","21:00"
"ドミノ・ピザ　守谷店★フードデリバリー★原付スクーター★日払い（当日手渡し）★守谷駅★時給1,000円 /深夜1,250円","飲食・フード系 / フードデリバリースタッフ","時給1000円","ドミノ・ピザ","12/15～【18:00～23:30 / 実働5時間】","12/15","18:00","23:30"
"ドミノ・ピザ　守谷店★フードデリバリー★原付スクーター★日払い（当日手渡し）★守谷駅★時給1,000円 /深夜1,250円","飲食・フード系 / フードデリバリースタッフ","時給1000円","ドミノ・ピザ","12/23～【18:00～23:30 / 実働5時間】","12/23","18:00","23:30"
"ドミノ・ピザ　守谷店★フードデリバリー★原付スクーター★日払い（当日手渡し）★守谷駅★時給1,000円","飲食・フード系 / フードデリバリースタッフ","時給1000円","ドミノ・ピザ","12/27～【10:00～15:00 / 実働5時間】","12/27","10:00","15:00"
"ドミノ・ピザ　守谷店★フードデリバリー★原付スクーター★日払い（当日手渡し）★守谷駅★時給1,000円","飲食・フード系 / フードデリバリースタッフ","時給1000円","ドミノ・ピザ","1/6～【10:00～15:00 / 実働5時間】","1/6","10:00","15:00"
"ガスト　さいたま山崎店★フードデリバリー★三輪原付スクーター★日払い（翌日振込み）★与野駅★時給1,100円","飲食・フード系 / フードデリバリースタッフ","時給1100円","株式会社すかいらーくレストランツ","12/12～【17:00～20:00 / 実働3時間】","12/12","17:00","20:00"
"ガスト　厚木恩名店★フードデリバリー★三輪原付スクーター★日払い（翌日振込み）★本厚木駅★時給1,122円","飲食・フード系 / フードデリバリースタッフ","時給1122円","株式会社すかいらーくレストランツ","12/25～【10:00～17:00 / 実働6時間】","12/25","10:00","17:00"
"ガスト　厚木恩名店★フードデリバリー★三輪原付スクーター★日払い（翌日振込み）★本厚木駅★時給1,122円","飲食・フード系 / フードデリバリースタッフ","時給1122円","株式会社すかいらーくレストランツ","1/1～【17:00～21:00 / 実働4時間】","1/1","17:00","21:00"
"ガスト　厚木恩名店★フードデリバリー★三輪原付スクーター★日払い（翌日振込み）★本厚木駅★時給1,122円","飲食・フード系 / フードデリバリースタッフ","時給1122円","株式会社すかいらーくレストランツ","1/1～【10:00～17:00 / 実働6時間】","1/1","10:00","17:00"
"ドミノ・ピザ　守谷店★フードデリバリー★原付スクーター★日払い（当日手渡し）★守谷駅★時給1,000円 /深夜1,250円","飲食・フード系 / フードデリバリースタッフ","時給1000円","ドミノ・ピザ","12/5～【18:00～23:30 / 実働5時間】","12/5","18:00","23:30"
"ドミノ・ピザ　守谷店★フードデリバリー★原付スクーター★日払い（当日手渡し）★守谷駅★時給1,000円","飲食・フード系 / フードデリバリースタッフ","時給1000円","ドミノ・ピザ","12/7～【10:00～15:00 / 実働5時間】","12/7","10:00","15:00"
"ドミノ・ピザ　守谷店★フードデリバリー★原付スクーター★日払い（当日手渡し）★守谷駅★時給1,000円 /深夜1,250円","飲食・フード系 / フードデリバリースタッフ","時給1000円","ドミノ・ピザ","12/11～【18:00～23:30 / 実働5時間】","12/11","18:00","23:30"
"ドミノ・ピザ　守谷店★フードデリバリー★原付スクーター★日払い（当日手渡し）★守谷駅★時給1,000円","飲食・フード系 / フードデリバリースタッフ","時給1000円","ドミノ・ピザ","12/11～【11:00～21:00 / 実働8時間】","12/11","11:00","21:00"
"ドミノ・ピザ　守谷店★フードデリバリー★原付スクーター★日払い（当日手渡し）★守谷駅★時給1,000円 /深夜1,250円","飲食・フード系 / フードデリバリースタッフ","時給1000円","ドミノ・ピザ","12/12～【18:00～23:30 / 実働5時間】","12/12","18:00","23:30"
"ドミノ・ピザ　守谷店★フードデリバリー★原付スクーター★日払い（当日手渡し）★守谷駅★時給1,000円","飲食・フード系 / フードデリバリースタッフ","時給1000円","ドミノ・ピザ","12/13～【11:00～21:00 / 実働8時間】","12/13","11:00","21:00"
"ドミノ・ピザ　守谷店★フードデリバリー★原付スクーター★日払い（当日手渡し）★守谷駅★時給1,000円","飲食・フード系 / フードデリバリースタッフ","時給1000円","ドミノ・ピザ","12/14～【10:00～15:00 / 実働5時間】","12/14","10:00","15:00"
"ドミノ・ピザ　守谷店★フードデリバリー★原付スクーター★日払い（当日手渡し）★守谷駅★時給1,000円","飲食・フード系 / フードデリバリースタッフ","時給1000円","ドミノ・ピザ","12/15～【10:00～15:00 / 実働5時間】","12/15","10:00","15:00"
"ドミノ・ピザ　守谷店★フードデリバリー★原付スクーター★日払い（当日手渡し）★守谷駅★時給1,000円","飲食・フード系 / フードデリバリースタッフ","時給1000円","ドミノ・ピザ","12/19～【11:00～21:00 / 実働8時間】","12/19","11:00","21:00"
"ドミノ・ピザ　守谷店★フードデリバリー★原付スクーター★日払い（当日手渡し）★守谷駅★時給1,000円","飲食・フード系 / フードデリバリースタッフ","時給1000円","ドミノ・ピザ","12/20～【11:00～21:00 / 実働8時間】","12/20","11:00","21:00"
"ドミノ・ピザ　守谷店★フードデリバリー★原付スクーター★日払い（当日手渡し）★守谷駅★時給1,000円","飲食・フード系 / フードデリバリースタッフ","時給1000円","ドミノ・ピザ","12/21～【11:00～21:00 / 実働8時間】","12/21","11:00","21:00"
"築地天ぴん　熊谷店★フードデリバリー★三輪原付スクーター★日払い（当日手渡し）★熊谷駅★時給950円","飲食・フード系 / フードデリバリースタッフ","時給950円","築地天ぴん","12/3～【17:00～21:00 / 実働4時間】","12/3","17:00","21:00"
"ラジャヴェッタ　駒沢店★フードデリバリー★三輪原付スクーター★日払い（翌日振込み）★桜新町駅★時給1,100円 /深夜1,375円","飲食・フード系 / フードデリバリースタッフ","時給1100円","有限会社ラジャヴェッタ","12/2～【17:00～22:30 / 実働5時間】","12/2","17:00","22:30"
"ラジャヴェッタ　池尻店★フードデリバリー★三輪原付スクーター★日払い（翌日振込み）★池尻大橋駅★時給1,100円 /深夜1,375円","飲食・フード系 / フードデリバリースタッフ","時給1100円","有限会社ラジャヴェッタ","12/1～【17:00～22:30 / 実働5時間】","12/1","17:00","22:30"
"ラジャヴェッタ　洗足店★フードデリバリー★三輪原付スクーター★日払い（翌日振込み）★北千束駅★時給1,150円","飲食・フード系 / フードデリバリースタッフ","時給1150円","有限会社ラジャヴェッタ","12/26～【11:30～17:00 / 実働5時間】","12/26","11:30","17:00"
"ラジャヴェッタ　洗足店★フードデリバリー★三輪原付スクーター★日払い（翌日振込み）★北千束駅★時給1,200円 /深夜1,500円","飲食・フード系 / フードデリバリースタッフ","時給1200円","有限会社ラジャヴェッタ","1/5～【17:00～22:30 / 実働5時間】","1/5","17:00","22:30"
"ラジャヴェッタ　洗足店★フードデリバリー★三輪原付スクーター★日払い（翌日振込み）★北千束駅★時給1,200円 /深夜1,500円","飲食・フード系 / フードデリバリースタッフ","時給1200円","有限会社ラジャヴェッタ","1/6～【17:00～22:30 / 実働5時間】","1/6","17:00","22:30"
"ガスト　世田谷代田店★フードデリバリー★三輪原付スクーター★日払い（翌日振込み）★若林(東京都)駅★時給1,213円","飲食・フード系 / フードデリバリースタッフ","時給1213円","株式会社すかいらーくレストランツ","12/14～【17:00～22:00 / 実働5時間】","12/14","17:00","22:00"
"ピザハット　五井店★フードデリバリー★原付スクーター★日払い（当日手渡し）★五井駅★時給1,200円","飲食・フード系 / フードデリバリースタッフ","時給1200円","株式会社LIBERO","12/25～【11:00～20:00 / 実働8時間】","12/25","11:00","20:00"
"ガスト　田園調布店★フードデリバリー★三輪原付スクーター★日払い（翌日振込み）★沼部駅★時給1,213円","飲食・フード系 / フードデリバリースタッフ","時給1213円","株式会社すかいらーくレストランツ","12/7～【17:30～22:00 / 実働4時間】","12/7","17:30","22:00"
"ドミノ・ピザ　守谷店★フードデリバリー★原付スクーター★日払い（当日手渡し）★守谷駅★時給1,000円 /深夜1,250円","飲食・フード系 / フードデリバリースタッフ","時給1000円","ドミノ・ピザ","12/2～【18:00～23:30 / 実働5時間】","12/2","18:00","23:30"
"ドミノ・ピザ　守谷店★フードデリバリー★原付スクーター★日払い（当日手渡し）★守谷駅★時給1,000円","飲食・フード系 / フードデリバリースタッフ","時給1000円","ドミノ・ピザ","12/2～【11:00～21:00 / 実働8時間】","12/2","11:00","21:00"
"ドミノ・ピザ　守谷店★フードデリバリー★原付スクーター★日払い（当日手渡し）★守谷駅★時給1,000円","飲食・フード系 / フードデリバリースタッフ","時給1000円","ドミノ・ピザ","12/10～【11:00～21:00 / 実働8時間】","12/10","11:00","21:00"
"ドミノ・ピザ　守谷店★フードデリバリー★原付スクーター★日払い（当日手渡し）★守谷駅★時給1,000円 /深夜1,250円","飲食・フード系 / フードデリバリースタッフ","時給1000円","ドミノ・ピザ","12/15～【18:00～23:30 / 実働5時間】","12/15","18:00","23:30"
"ドミノ・ピザ　守谷店★フードデリバリー★原付スクーター★日払い（当日手渡し）★守谷駅★時給1,000円 /深夜1,250円","飲食・フード系 / フードデリバリースタッフ","時給1000円","ドミノ・ピザ","12/19～【18:00～23:30 / 実働5時間】","12/19","18:00","23:30"
"ドミノ・ピザ　守谷店★フードデリバリー★原付スクーター★日払い（当日手渡し）★守谷駅★時給1,000円 /深夜1,250円","飲食・フード系 / フードデリバリースタッフ","時給1000円","ドミノ・ピザ","12/24～【18:00～23:30 / 実働5時間】","12/24","18:00","23:30"
"ドミノ・ピザ　古河第六小学校前店★フードデリバリー★原付スクーター★日払い（当日手渡し）★古河駅★時給950円","飲食・フード系 / フードデリバリースタッフ","時給950円","ドミノ・ピザ","12/10～【11:00～20:00 / 実働7時間】","12/10","11:00","20:00"
"ドミノ・ピザ　古河第六小学校前店★フードデリバリー★原付スクーター★日払い（当日手渡し）★古河駅★時給950円","飲食・フード系 / フードデリバリースタッフ","時給950円","ドミノ・ピザ","12/11～【10:00～15:00 / 実働5時間】","12/11","10:00","15:00"
"ドミノ・ピザ　古河第六小学校前店★フードデリバリー★原付スクーター★日払い（当日手渡し）★古河駅★時給950円 /深夜1,188円","飲食・フード系 / フードデリバリースタッフ","時給950円","ドミノ・ピザ","12/11～【18:00～00:30 / 実働5時間】","12/11","18:00","00:30"
"ドミノ・ピザ　古河第六小学校前店★フードデリバリー★原付スクーター★日払い（当日手渡し）★古河駅★時給950円","飲食・フード系 / フードデリバリースタッフ","時給950円","ドミノ・ピザ","12/18～【10:00～15:00 / 実働5時間】","12/18","10:00","15:00"
"ドミノ・ピザ　古河第六小学校前店★フードデリバリー★原付スクーター★日払い（当日手渡し）★古河駅★時給950円","飲食・フード系 / フードデリバリースタッフ","時給950円","ドミノ・ピザ","12/18～【11:00～20:00 / 実働7時間】","12/18","11:00","20:00"
"ドミノ・ピザ　古河第六小学校前店★フードデリバリー★原付スクーター★日払い（当日手渡し）★古河駅★時給950円 /深夜1,188円","飲食・フード系 / フードデリバリースタッフ","時給950円","ドミノ・ピザ","12/20～【18:00～00:30 / 実働5時間】","12/20","18:00","00:30"
"ドミノ・ピザ　古河第六小学校前店★フードデリバリー★原付スクーター★日払い（当日手渡し）★古河駅★時給950円","飲食・フード系 / フードデリバリースタッフ","時給950円","ドミノ・ピザ","12/27～【11:00～20:00 / 実働7時間】","12/27","11:00","20:00"
"ドミノ・ピザ　古河第六小学校前店★フードデリバリー★原付スクーター★日払い（当日手渡し）★古河駅★時給950円","飲食・フード系 / フードデリバリースタッフ","時給950円","ドミノ・ピザ","1/4～【10:00～15:00 / 実働5時間】","1/4","10:00","15:00"
"ドミノ・ピザ　古河第六小学校前店★フードデリバリー★原付スクーター★日払い（当日手渡し）★古河駅★時給950円","飲食・フード系 / フードデリバリースタッフ","時給950円","ドミノ・ピザ","1/4～【11:00～20:00 / 実働7時間】","1/4","11:00","20:00"
"ガスト　野田店★フードデリバリー★三輪原付スクーター★日払い（翌日振込み）★愛宕(千葉県)駅★時給1,125円","飲食・フード系 / フードデリバリースタッフ","時給1125円","株式会社すかいらーくレストランツ","12/10～【17:00～21:00 / 実働4時間】","12/10","17:00","21:00"
"ガスト　野田店★フードデリバリー★三輪原付スクーター★日払い（翌日振込み）★愛宕(千葉県)駅★時給1,125円","飲食・フード系 / フードデリバリースタッフ","時給1125円","株式会社すかいらーくレストランツ","12/12～【11:00～16:30 / 実働4時間】","12/12","11:00","16:30"
"ガスト　野田店★フードデリバリー★三輪原付スクーター★日払い（翌日振込み）★愛宕(千葉県)駅★時給1,125円","飲食・フード系 / フードデリバリースタッフ","時給1125円","株式会社すかいらーくレストランツ","12/17～【11:00～16:30 / 実働4時間】","12/17","11:00","16:30"
"ガスト　戸塚店★フードデリバリー★三輪原付スクーター★日払い（翌日振込み）★戸塚駅★時給1,162円","飲食・フード系 / フードデリバリースタッフ","時給1162円","株式会社すかいらーくレストランツ","12/7～【17:00～21:00 / 実働4時間】","12/7","17:00","21:00"
"ピザーラ　川崎店★フードデリバリー★三輪原付スクーター★日払い（当日手渡し）★鈴木町駅★時給1,200円","飲食・フード系 / フードデリバリースタッフ","時給1200円","株式会社ウイングレット","12/6～【16:00～21:30 / 実働5時間】","12/6","16:00","21:30"
"ガスト　高井戸店★フードデリバリー★三輪原付スクーター★日払い（翌日振込み）★高井戸駅★時給1,228円","飲食・フード系 / フードデリバリースタッフ","時給1228円","株式会社すかいらーくレストランツ","12/16～【17:00～21:00 / 実働4時間】","12/16","17:00","21:00"
"カレーハウスCoCo壱番屋　JR北赤羽駅前店★フードデリバリー★原付スクーター★日払い（当日手渡し）★北赤羽駅★時給1,050円","飲食・フード系 / フードデリバリースタッフ","時給1050円","カレーハウスCoCo壱番屋","12/8～【11:00～15:00 / 実働4時間】","12/8","11:00","15:00"
"ガスト　尻手駅前店★フードデリバリー★三輪原付スクーター★日払い（翌日振込み）★尻手駅★時給1,212円","飲食・フード系 / フードデリバリースタッフ","時給1212円","株式会社すかいらーくレストランツ","12/2～【11:00～14:00 / 実働3時間】","12/2","11:00","14:00"
"ガスト　穴川インター店★フードデリバリー★三輪原付スクーター★日払い（翌日振込み）★スポーツセンター駅★時給1,075円","飲食・フード系 / フードデリバリースタッフ","時給1075円","株式会社すかいらーくレストランツ","12/10～【16:30～20:30 / 実働4時間】","12/10","16:30","20:30"
"ドミノ・ピザ　藤沢善行店★フードデリバリー★三輪原付スクーター★日払い（当日手渡し）★善行駅★時給1,300円","飲食・フード系 / フードデリバリースタッフ","時給1300円","株式会社陽・商店","12/4～【11:00～20:00 / 実働8時間】","12/4","11:00","20:00"
"ピザーラ　与野店★フードデリバリー★三輪原付スクーター★日払い（当日手渡し）★与野本町駅★時給1,100円","飲食・フード系 / フードデリバリースタッフ","時給1100円","有限会社ガウディ","12/5～【11:00～15:00 / 実働4時間】","12/5","11:00","15:00"
"出前館　藤沢店★フードデリバリー★三輪原付スクーター★日払い（翌日振込み）★藤沢駅★時給1,020円","飲食・フード系 / フードデリバリースタッフ","時給1020円","株式会社出前館","12/1～【11:00～21:00 / 実働8時間】","12/1","11:00","21:00"
"BURGER PRODUCTS　横浜都筑店★フードデリバリー★原付スクーター★日払い（当日手渡し）★センター南駅★時給1,100円","飲食・フード系 / フードデリバリースタッフ","時給1100円","BURGER","12/2～【18:00～22:00 / 実働4時間】","12/2","18:00","22:00"
"ハコブ株式会社★フードデリバリー★三輪ミニカー（要普免）★日払い（当日手渡し）★東新宿駅★時給1,150円","飲食・フード系 / フードデリバリースタッフ","時給1150円","ハコブ株式会社","12/1～【11:00～21:00 / 実働9時間】","12/1","11:00","21:00"
"かさねや　幕張店★フードデリバリー★三輪ミニカー（要普免）★日払い（当日手渡し）★京成大久保駅★時給1,100円","飲食・フード系 / フードデリバリースタッフ","時給1100円","株式会社SBIC","12/5～【11:00～17:00 / 実働6時間】","12/5","11:00","17:00"
"ドミノ・ピザ　桜台店★フードデリバリー★原付スクーター★日払い（翌日振込み）★新桜台駅★時給1,120円","飲食・フード系 / フードデリバリースタッフ","時給1120円","株式会社ドミノ・ピザ","12/20～【16:30～21:00 / 実働4時間】","12/20","16:30","21:00"
"ドミノ・ピザ　桜台店★フードデリバリー★原付スクーター★日払い（翌日振込み）★新桜台駅★時給1,120円","飲食・フード系 / フードデリバリースタッフ","時給1120円","株式会社ドミノ・ピザ","12/6～【16:30～21:00 / 実働4時間】","12/6","16:30","21:00"
"ドミノ・ピザ　桜台店★フードデリバリー★原付スクーター★日払い（翌日振込み）★新桜台駅★時給1,120円","飲食・フード系 / フードデリバリースタッフ","時給1120円","株式会社ドミノ・ピザ","12/27～【16:30～21:00 / 実働4時間】","12/27","16:30","21:00"
"ドミノ・ピザ　桜台店★フードデリバリー★原付スクーター★日払い（翌日振込み）★新桜台駅★時給1,120円","飲食・フード系 / フードデリバリースタッフ","時給1120円","株式会社ドミノ・ピザ","12/13～【10:30～15:00 / 実働4時間】","12/13","10:30","15:00"
"ドミノ・ピザ　桜台店★フードデリバリー★原付スクーター★日払い（翌日振込み）★新桜台駅★時給1,120円","飲食・フード系 / フードデリバリースタッフ","時給1120円","株式会社ドミノ・ピザ","12/25～【10:30～15:00 / 実働4時間】","12/25","10:30","15:00"
"ドミノ・ピザ　桜台店★フードデリバリー★原付スクーター★日払い（翌日振込み）★新桜台駅★時給1,120円","飲食・フード系 / フードデリバリースタッフ","時給1120円","株式会社ドミノ・ピザ","12/26～【16:30～21:00 / 実働4時間】","12/26","16:30","21:00"
"出前館　石神井公園店★フードデリバリー★三輪原付スクーター★日払い（翌日振込み）★保谷駅★時給1,020円","飲食・フード系 / フードデリバリースタッフ","時給1020円","株式会社出前館","12/6～【17:00～21:30 / 実働4時間】","12/6","17:00","21:30"
"ドミノ・ピザ　東十条店★フードデリバリー★原付スクーター★日払い（翌日振込み）★王子神谷駅★時給1,120円","飲食・フード系 / フードデリバリースタッフ","時給1120円","株式会社ドミノ・ピザ","12/12～【16:30～21:00 / 実働4時間】","12/12","16:30","21:00"
"ドミノ・ピザ　東十条店★フードデリバリー★原付スクーター★日払い（翌日振込み）★王子神谷駅★時給1,120円","飲食・フード系 / フードデリバリースタッフ","時給1120円","株式会社ドミノ・ピザ","12/25～【16:30～21:00 / 実働4時間】","12/25","16:30","21:00"
"かさねや　仙川店★フードデリバリー★三輪原付スクーター★日払い（当日手渡し）★仙川駅★時給1,150円","飲食・フード系 / フードデリバリースタッフ","時給1150円","株式会社SBIC","12/6～【11:00～16:00 / 実働5時間】","12/6","11:00","16:00"
"ドミノ・ピザ　四街道店★フードデリバリー★原付スクーター★日払い（当日手渡し）★四街道駅★時給1,100円","飲食・フード系 / フードデリバリースタッフ","時給1100円","株式会社ドラセナ","12/6～【17:00～21:00 / 実働4時間】","12/6","17:00","21:00"
"至高のとんかつ　美味亭★フードデリバリー★三輪ミニカー（要普免）★日払い（当日手渡し）★田町(東京都)駅★時給1,100円","飲食・フード系 / フードデリバリースタッフ","時給1100円","株式会社鉄丸","12/1～【17:00～22:00 / 実働5時間】","12/1","17:00","22:00"
"出前館　町田店★フードデリバリー★三輪原付スクーター★日払い（翌日振込み）★矢部駅★時給1,020円","飲食・フード系 / フードデリバリースタッフ","時給1020円","株式会社出前館","12/1～【11:00～15:00 / 実働4時間】","12/1","11:00","15:00"
"出前館　町田店★フードデリバリー★三輪原付スクーター★日払い（翌日振込み）★矢部駅★時給1,020円","飲食・フード系 / フードデリバリースタッフ","時給1020円","株式会社出前館","12/2～【17:00～21:00 / 実働4時間】","12/2","17:00","21:00"
"かさねや　仙川店★フードデリバリー★三輪原付スクーター★日払い（当日手渡し）★仙川駅★時給1,150円","飲食・フード系 / フードデリバリースタッフ","時給1150円","株式会社SBIC","12/9～【17:00～22:00 / 実働5時間】","12/9","17:00","22:00"
"かさねや　仙川店★フードデリバリー★三輪原付スクーター★日払い（当日手渡し）★仙川駅★時給1,150円","飲食・フード系 / フードデリバリースタッフ","時給1150円","株式会社SBIC","12/12～【17:00～22:00 / 実働5時間】","12/12","17:00","22:00"
"ピザハット　五井店★フードデリバリー★原付スクーター★日払い（当日手渡し）★五井駅★時給1,200円","飲食・フード系 / フードデリバリースタッフ","時給1200円","株式会社LIBERO","12/31～【11:00～20:00 / 実働8時間】","12/31","11:00","20:00"
"ガスト　西寺尾店★フードデリバリー★三輪原付スクーター★日払い（翌日振込み）★大口駅★時給1,162円","飲食・フード系 / フードデリバリースタッフ","時給1162円","株式会社すかいらーくレストランツ","12/10～【17:00～21:00 / 実働4時間】","12/10","17:00","21:00"
"ガスト　鳩ケ谷店★フードデリバリー★三輪原付スクーター★日払い（翌日振込み）★鳩ケ谷駅★時給1,030円","飲食・フード系 / フードデリバリースタッフ","時給1030円","株式会社すかいらーくレストランツ","12/6～【17:00～21:00 / 実働4時間】","12/6","17:00","21:00"
"ラジャヴェッタ　洗足店★フードデリバリー★三輪原付スクーター★日払い（翌日振込み）★北千束駅★時給1,100円 /深夜1,375円","飲食・フード系 / フードデリバリースタッフ","時給1100円","有限会社ラジャヴェッタ","12/28～【11:30～22:30 / 実働10時間】","12/28","11:30","22:30"
"ガスト　厚木恩名店★フードデリバリー★三輪原付スクーター★日払い（翌日振込み）★本厚木駅★時給1,122円","飲食・フード系 / フードデリバリースタッフ","時給1122円","株式会社すかいらーくレストランツ","12/25～【17:00～21:00 / 実働4時間】","12/25","17:00","21:00"
"ドミノ・ピザ　守谷店★フードデリバリー★原付スクーター★日払い（当日手渡し）★守谷駅★時給1,000円","飲食・フード系 / フードデリバリースタッフ","時給1000円","ドミノ・ピザ","12/3～【11:00～21:00 / 実働8時間】","12/3","11:00","21:00"
"ドミノ・ピザ　守谷店★フードデリバリー★原付スクーター★日払い（当日手渡し）★守谷駅★時給1,000円","飲食・フード系 / フードデリバリースタッフ","時給1000円","ドミノ・ピザ","12/29～【11:00～21:00 / 実働8時間】","12/29","11:00","21:00"
"ドミノ・ピザ　守谷店★フードデリバリー★原付スクーター★日払い（当日手渡し）★守谷駅★時給1,000円 /深夜1,250円","飲食・フード系 / フードデリバリースタッフ","時給1000円","ドミノ・ピザ","1/9～【18:00～23:30 / 実働5時間】","1/9","18:00","23:30"
"ドミノ・ピザ　古河第六小学校前店★フードデリバリー★原付スクーター★日払い（当日手渡し）★古河駅★時給950円","飲食・フード系 / フードデリバリースタッフ","時給950円","ドミノ・ピザ","12/3～【10:00～15:00 / 実働5時間】","12/3","10:00","15:00"
"ドミノ・ピザ　古河第六小学校前店★フードデリバリー★原付スクーター★日払い（当日手渡し）★古河駅★時給950円","飲食・フード系 / フードデリバリースタッフ","時給950円","ドミノ・ピザ","12/4～【10:00～15:00 / 実働5時間】","12/4","10:00","15:00"
"ドミノ・ピザ　古河第六小学校前店★フードデリバリー★原付スクーター★日払い（当日手渡し）★古河駅★時給950円 /深夜1,188円","飲食・フード系 / フードデリバリースタッフ","時給950円","ドミノ・ピザ","12/13～【18:00～00:30 / 実働5時間】","12/13","18:00","00:30"
"ドミノ・ピザ　古河第六小学校前店★フードデリバリー★原付スクーター★日払い（当日手渡し）★古河駅★時給950円 /深夜1,188円","飲食・フード系 / フードデリバリースタッフ","時給950円","ドミノ・ピザ","12/19～【18:00～00:30 / 実働5時間】","12/19","18:00","00:30"
"ドミノ・ピザ　古河第六小学校前店★フードデリバリー★原付スクーター★日払い（当日手渡し）★古河駅★時給950円 /深夜1,188円","飲食・フード系 / フードデリバリースタッフ","時給950円","ドミノ・ピザ","12/25～【18:00～00:30 / 実働5時間】","12/25","18:00","00:30"
"ドミノ・ピザ　古河第六小学校前店★フードデリバリー★原付スクーター★日払い（当日手渡し）★古河駅★時給950円 /深夜1,188円","飲食・フード系 / フードデリバリースタッフ","時給950円","ドミノ・ピザ","12/26～【18:00～00:30 / 実働5時間】","12/26","18:00","00:30"
"ドミノ・ピザ　古河第六小学校前店★フードデリバリー★原付スクーター★日払い（当日手渡し）★古河駅★時給950円","飲食・フード系 / フードデリバリースタッフ","時給950円","ドミノ・ピザ","1/2～【10:00～15:00 / 実働5時間】","1/2","10:00","15:00"
"ドミノ・ピザ　古河第六小学校前店★フードデリバリー★原付スクーター★日払い（当日手渡し）★古河駅★時給950円","飲食・フード系 / フードデリバリースタッフ","時給950円","ドミノ・ピザ","1/3～【10:00～15:00 / 実働5時間】","1/3","10:00","15:00"
"ガスト　野田店★フードデリバリー★三輪原付スクーター★日払い（翌日振込み）★愛宕(千葉県)駅★時給1,125円","飲食・フード系 / フードデリバリースタッフ","時給1125円","株式会社すかいらーくレストランツ","12/14～【11:00～16:30 / 実働4時間】","12/14","11:00","16:30"
"ガスト　尻手駅前店★フードデリバリー★三輪原付スクーター★日払い（翌日振込み）★尻手駅★時給1,212円","飲食・フード系 / フードデリバリースタッフ","時給1212円","株式会社すかいらーくレストランツ","12/5～【18:00～21:00 / 実働3時間】","12/5","18:00","21:00"
"ピザーラ　川崎店★フードデリバリー★三輪原付スクーター★日払い（当日手渡し）★鈴木町駅★時給1,150円","飲食・フード系 / フードデリバリースタッフ","時給1150円","株式会社ウイングレット","12/5～【16:00～21:30 / 実働5時間】","12/5","16:00","21:30"
"ピザーラ　川崎店★フードデリバリー★三輪原付スクーター★日払い（当日手渡し）★鈴木町駅★時給1,200円","飲食・フード系 / フードデリバリースタッフ","時給1200円","株式会社ウイングレット","12/6～【11:00～20:30 / 実働8時間】","12/6","11:00","20:30"
"カレーハウスCoCo壱番屋　新宿高田馬場店★フードデリバリー★三輪原付スクーター★月払い★高田馬場駅★時給1,100円","飲食・フード系 / フードデリバリースタッフ","時給1100円","株式会社ディライテッド","12/2～【11:00～15:30 / 実働4時間】","12/2","11:00","15:30"
"KEN★フードデリバリー★スーパーカブ（125cc以下）★日払い（当日手渡し）★代々木駅★時給1,250円","飲食・フード系 / フードデリバリースタッフ","時給1250円","有限会社依田商事","12/26～【10:00～14:30 / 実働4時間】","12/26","10:00","14:30"
"KEN★フードデリバリー★スーパーカブ（125cc以下）★日払い（当日手渡し）★代々木駅★時給1,300円","飲食・フード系 / フードデリバリースタッフ","時給1300円","有限会社依田商事","12/26～【18:00～21:00 / 実働3時間】","12/26","18:00","21:00"
"ガスト　尻手駅前店★フードデリバリー★三輪原付スクーター★日払い（翌日振込み）★尻手駅★時給1,212円","飲食・フード系 / フードデリバリースタッフ","時給1212円","株式会社すかいらーくレストランツ","12/3～【18:00～21:00 / 実働3時間】","12/3","18:00","21:00"
"ガスト　尻手駅前店★フードデリバリー★三輪原付スクーター★日払い（翌日振込み）★尻手駅★時給1,212円","飲食・フード系 / フードデリバリースタッフ","時給1212円","株式会社すかいらーくレストランツ","12/24～【17:00～21:00 / 実働4時間】","12/24","17:00","21:00"
"ガスト　尻手駅前店★フードデリバリー★三輪原付スクーター★日払い（翌日振込み）★尻手駅★時給1,212円","飲食・フード系 / フードデリバリースタッフ","時給1212円","株式会社すかいらーくレストランツ","12/24～【16:30～20:30 / 実働4時間】","12/24","16:30","20:30"
"カレーハウスCoCo壱番屋　新宿高田馬場店★フードデリバリー★三輪原付スクーター★月払い★高田馬場駅★時給1,100円 /深夜1,375円","飲食・フード系 / フードデリバリースタッフ","時給1100円","株式会社ディライテッド","12/6～【18:00～22:30 / 実働4時間】","12/6","18:00","22:30"
"カレーハウスCoCo壱番屋　新宿高田馬場店★フードデリバリー★三輪原付スクーター★月払い★高田馬場駅★時給1,100円","飲食・フード系 / フードデリバリースタッフ","時給1100円","株式会社ディライテッド","12/6～【11:00～15:30 / 実働4時間】","12/6","11:00","15:30"
"カレーハウスCoCo壱番屋　新宿高田馬場店★フードデリバリー★三輪原付スクーター★月払い★高田馬場駅★時給1,100円","飲食・フード系 / フードデリバリースタッフ","時給1100円","株式会社ディライテッド","12/24～【11:00～15:30 / 実働4時間】","12/24","11:00","15:30"
"かさねや　幕張店★フードデリバリー★三輪ミニカー（要普免）★日払い（当日手渡し）★京成大久保駅★時給1,100円","飲食・フード系 / フードデリバリースタッフ","時給1100円","株式会社SBIC","1/4～【11:00～21:00 / 実働9時間】","1/4","11:00","21:00"
"ガスト　西寺尾店★フードデリバリー★三輪原付スクーター★日払い（翌日振込み）★大口駅★時給1,162円","飲食・フード系 / フードデリバリースタッフ","時給1162円","株式会社すかいらーくレストランツ","12/7～【16:00～21:00 / 実働5時間】","12/7","16:00","21:00"
"ガスト　西寺尾店★フードデリバリー★三輪原付スクーター★日払い（翌日振込み）★大口駅★時給1,162円","飲食・フード系 / フードデリバリースタッフ","時給1162円","株式会社すかいらーくレストランツ","12/12～【15:00～21:00 / 実働5時間】","12/12","15:00","21:00"
"築地天ぴん　熊谷店★フードデリバリー★三輪原付スクーター★日払い（当日手渡し）★熊谷駅★時給950円","飲食・フード系 / フードデリバリースタッフ","時給950円","築地天ぴん","12/3～【11:00～14:00 / 実働3時間】","12/3","11:00","14:00"
"ラジャヴェッタ　八幡山店★フードデリバリー★三輪原付スクーター★日払い（当日手渡し）★八幡山駅★時給1,100円 /深夜1,375円","飲食・フード系 / フードデリバリースタッフ","時給1100円","有限会社ラジャヴェッタ","12/2～【17:00～22:30 / 実働5時間】","12/2","17:00","22:30"
"ラジャヴェッタ　洗足店★フードデリバリー★三輪原付スクーター★日払い（翌日振込み）★北千束駅★時給1,200円 /深夜1,500円","飲食・フード系 / フードデリバリースタッフ","時給1200円","有限会社ラジャヴェッタ","1/4～【17:00～22:30 / 実働5時間】","1/4","17:00","22:30"
"ドミノ・ピザ　守谷店★フードデリバリー★原付スクーター★日払い（当日手渡し）★守谷駅★時給1,000円 /深夜1,250円","飲食・フード系 / フードデリバリースタッフ","時給1000円","ドミノ・ピザ","12/7～【18:00～23:30 / 実働5時間】","12/7","18:00","23:30"
"ドミノ・ピザ　守谷店★フードデリバリー★原付スクーター★日払い（当日手渡し）★守谷駅★時給1,000円","飲食・フード系 / フードデリバリースタッフ","時給1000円","ドミノ・ピザ","12/11～【10:00～15:00 / 実働5時間】","12/11","10:00","15:00"
"ドミノ・ピザ　守谷店★フードデリバリー★原付スクーター★日払い（当日手渡し）★守谷駅★時給1,000円","飲食・フード系 / フードデリバリースタッフ","時給1000円","ドミノ・ピザ","12/15～【11:00～21:00 / 実働8時間】","12/15","11:00","21:00"
"ドミノ・ピザ　守谷店★フードデリバリー★原付スクーター★日払い（当日手渡し）★守谷駅★時給1,000円","飲食・フード系 / フードデリバリースタッフ","時給1000円","ドミノ・ピザ","12/16～【10:00～15:00 / 実働5時間】","12/16","10:00","15:00"
"ドミノ・ピザ　守谷店★フードデリバリー★原付スクーター★日払い（当日手渡し）★守谷駅★時給1,000円 /深夜1,250円","飲食・フード系 / フードデリバリースタッフ","時給1000円","ドミノ・ピザ","12/16～【18:00～23:30 / 実働5時間】","12/16","18:00","23:30"
"ドミノ・ピザ　守谷店★フードデリバリー★原付スクーター★日払い（当日手渡し）★守谷駅★時給1,000円","飲食・フード系 / フードデリバリースタッフ","時給1000円","ドミノ・ピザ","12/16～【11:00～21:00 / 実働8時間】","12/16","11:00","21:00"
"ドミノ・ピザ　守谷店★フードデリバリー★原付スクーター★日払い（当日手渡し）★守谷駅★時給1,000円 /深夜1,250円","飲食・フード系 / フードデリバリースタッフ","時給1000円","ドミノ・ピザ","12/17～【18:00～23:30 / 実働5時間】","12/17","18:00","23:30"
"ドミノ・ピザ　守谷店★フードデリバリー★原付スクーター★日払い（当日手渡し）★守谷駅★時給1,000円 /深夜1,250円","飲食・フード系 / フードデリバリースタッフ","時給1000円","ドミノ・ピザ","12/18～【18:00～23:30 / 実働5時間】","12/18","18:00","23:30"
"ドミノ・ピザ　守谷店★フードデリバリー★原付スクーター★日払い（当日手渡し）★守谷駅★時給1,000円","飲食・フード系 / フードデリバリースタッフ","時給1000円","ドミノ・ピザ","12/24～【11:00～21:00 / 実働8時間】","12/24","11:00","21:00"
"ドミノ・ピザ　守谷店★フードデリバリー★原付スクーター★日払い（当日手渡し）★守谷駅★時給1,000円","飲食・フード系 / フードデリバリースタッフ","時給1000円","ドミノ・ピザ","12/26～【10:00～15:00 / 実働5時間】","12/26","10:00","15:00"
"ドミノ・ピザ　守谷店★フードデリバリー★原付スクーター★日払い（当日手渡し）★守谷駅★時給1,000円 /深夜1,250円","飲食・フード系 / フードデリバリースタッフ","時給1000円","ドミノ・ピザ","12/26～【18:00～23:30 / 実働5時間】","12/26","18:00","23:30"
"ドミノ・ピザ　守谷店★フードデリバリー★原付スクーター★日払い（当日手渡し）★守谷駅★時給1,000円","飲食・フード系 / フードデリバリースタッフ","時給1000円","ドミノ・ピザ","12/27～【11:00～21:00 / 実働8時間】","12/27","11:00","21:00"
"ドミノ・ピザ　守谷店★フードデリバリー★原付スクーター★日払い（当日手渡し）★守谷駅★時給1,000円","飲食・フード系 / フードデリバリースタッフ","時給1000円","ドミノ・ピザ","1/2～【11:00～21:00 / 実働8時間】","1/2","11:00","21:00"
"ドミノ・ピザ　守谷店★フードデリバリー★原付スクーター★日払い（当日手渡し）★守谷駅★時給1,000円 /深夜1,250円","飲食・フード系 / フードデリバリースタッフ","時給1000円","ドミノ・ピザ","1/4～【18:00～23:30 / 実働5時間】","1/4","18:00","23:30"
"ドミノ・ピザ　守谷店★フードデリバリー★原付スクーター★日払い（当日手渡し）★守谷駅★時給1,000円","飲食・フード系 / フードデリバリースタッフ","時給1000円","ドミノ・ピザ","1/5～【11:00～21:00 / 実働8時間】","1/5","11:00","21:00"
"ドミノ・ピザ　守谷店★フードデリバリー★原付スクーター★日払い（当日手渡し）★守谷駅★時給1,000円 /深夜1,250円","飲食・フード系 / フードデリバリースタッフ","時給1000円","ドミノ・ピザ","12/18～【18:00～23:30 / 実働5時間】","12/18","18:00","23:30"
"ドミノ・ピザ　守谷店★フードデリバリー★原付スクーター★日払い（当日手渡し）★守谷駅★時給1,000円","飲食・フード系 / フードデリバリースタッフ","時給1000円","ドミノ・ピザ","12/24～【11:00～21:00 / 実働8時間】","12/24","11:00","21:00"
"ドミノ・ピザ　守谷店★フードデリバリー★原付スクーター★日払い（当日手渡し）★守谷駅★時給1,000円","飲食・フード系 / フードデリバリースタッフ","時給1000円","ドミノ・ピザ","12/26～【10:00～15:00 / 実働5時間】","12/26","10:00","15:00"
"ドミノ・ピザ　守谷店★フードデリバリー★原付スクーター★日払い（当日手渡し）★守谷駅★時給1,000円 /深夜1,250円","飲食・フード系 / フードデリバリースタッフ","時給1000円","ドミノ・ピザ","12/26～【18:00～23:30 / 実働5時間】","12/26","18:00","23:30"
"ドミノ・ピザ　守谷店★フードデリバリー★原付スクーター★日払い（当日手渡し）★守谷駅★時給1,000円","飲食・フード系 / フードデリバリースタッフ","時給1000円","ドミノ・ピザ","12/27～【11:00～21:00 / 実働8時間】","12/27","11:00","21:00"
"ドミノ・ピザ　守谷店★フードデリバリー★原付スクーター★日払い（当日手渡し）★守谷駅★時給1,000円","飲食・フード系 / フードデリバリースタッフ","時給1000円","ドミノ・ピザ","1/2～【11:00～21:00 / 実働8時間】","1/2","11:00","21:00"
"ドミノ・ピザ　守谷店★フードデリバリー★原付スクーター★日払い（当日手渡し）★守谷駅★時給1,000円 /深夜1,250円","飲食・フード系 / フードデリバリースタッフ","時給1000円","ドミノ・ピザ","1/4～【18:00～23:30 / 実働5時間】","1/4","18:00","23:30"
"ドミノ・ピザ　守谷店★フードデリバリー★原付スクーター★日払い（当日手渡し）★守谷駅★時給1,000円","飲食・フード系 / フードデリバリースタッフ","時給1000円","ドミノ・ピザ","1/5～【11:00～21:00 / 実働8時間】","1/5","11:00","21:00"
"ガスト　大和鶴間店★フードデリバリー★三輪原付スクーター★日払い（翌日振込み）★鶴間駅★時給1,122円","飲食・フード系 / フードデリバリースタッフ","時給1122円","株式会社すかいらーくレストランツ","12/11～【10:30～16:00 / 実働5時間】","12/11","10:30","16:00"
"ドミノ・ピザ　古河第六小学校前店★フードデリバリー★原付スクーター★日払い（当日手渡し）★古河駅★時給950円","飲食・フード系 / フードデリバリースタッフ","時給950円","ドミノ・ピザ","12/1～【11:00～20:00 / 実働7時間】","12/1","11:00","20:00"
"ドミノ・ピザ　古河第六小学校前店★フードデリバリー★原付スクーター★日払い（当日手渡し）★古河駅★時給950円 /深夜1,188円","飲食・フード系 / フードデリバリースタッフ","時給950円","ドミノ・ピザ","12/2～【18:00～00:30 / 実働5時間】","12/2","18:00","00:30"
"ドミノ・ピザ　古河第六小学校前店★フードデリバリー★原付スクーター★日払い（当日手渡し）★古河駅★時給950円 /深夜1,188円","飲食・フード系 / フードデリバリースタッフ","時給950円","ドミノ・ピザ","12/7～【18:00～00:30 / 実働5時間】","12/7","18:00","00:30"
"ドミノ・ピザ　古河第六小学校前店★フードデリバリー★原付スクーター★日払い（当日手渡し）★古河駅★時給950円","飲食・フード系 / フードデリバリースタッフ","時給950円","ドミノ・ピザ","12/7～【11:00～20:00 / 実働7時間】","12/7","11:00","20:00"
"ドミノ・ピザ　古河第六小学校前店★フードデリバリー★原付スクーター★日払い（当日手渡し）★古河駅★時給950円","飲食・フード系 / フードデリバリースタッフ","時給950円","ドミノ・ピザ","12/14～【11:00～20:00 / 実働7時間】","12/14","11:00","20:00"
"ドミノ・ピザ　古河第六小学校前店★フードデリバリー★原付スクーター★日払い（当日手渡し）★古河駅★時給950円","飲食・フード系 / フードデリバリースタッフ","時給950円","ドミノ・ピザ","12/17～【10:00～15:00 / 実働5時間】","12/17","10:00","15:00"
"ドミノ・ピザ　古河第六小学校前店★フードデリバリー★原付スクーター★日払い（当日手渡し）★古河駅★時給950円 /深夜1,188円","飲食・フード系 / フードデリバリースタッフ","時給950円","ドミノ・ピザ","12/21～【18:00～00:30 / 実働5時間】","12/21","18:00","00:30"
"ドミノ・ピザ　古河第六小学校前店★フードデリバリー★原付スクーター★日払い（当日手渡し）★古河駅★時給950円 /深夜1,188円","飲食・フード系 / フードデリバリースタッフ","時給950円","ドミノ・ピザ","12/23～【18:00～00:30 / 実働5時間】","12/23","18:00","00:30"
"ドミノ・ピザ　古河第六小学校前店★フードデリバリー★原付スクーター★日払い（当日手渡し）★古河駅★時給950円","飲食・フード系 / フードデリバリースタッフ","時給950円","ドミノ・ピザ","12/28～【11:00～20:00 / 実働7時間】","12/28","11:00","20:00"
"ドミノ・ピザ　古河第六小学校前店★フードデリバリー★原付スクーター★日払い（当日手渡し）★古河駅★時給950円","飲食・フード系 / フードデリバリースタッフ","時給950円","ドミノ・ピザ","12/30～【11:00～20:00 / 実働7時間】","12/30","11:00","20:00"
"ドミノ・ピザ　古河第六小学校前店★フードデリバリー★原付スクーター★日払い（当日手渡し）★古河駅★時給950円","飲食・フード系 / フードデリバリースタッフ","時給950円","ドミノ・ピザ","1/6～【10:00～15:00 / 実働5時間】","1/6","10:00","15:00"
"ドミノ・ピザ　古河第六小学校前店★フードデリバリー★原付スクーター★日払い（当日手渡し）★古河駅★時給950円","飲食・フード系 / フードデリバリースタッフ","時給950円","ドミノ・ピザ","1/6～【11:00～20:00 / 実働7時間】","1/6","11:00","20:00"
"ドミノ・ピザ　古河第六小学校前店★フードデリバリー★原付スクーター★日払い（当日手渡し）★古河駅★時給950円 /深夜1,188円","飲食・フード系 / フードデリバリースタッフ","時給950円","ドミノ・ピザ","1/8～【18:00～00:30 / 実働5時間】","1/8","18:00","00:30"
"中華料理　味中味★フードデリバリー★原付スクーター★日払い（当日手渡し）★八丁畷駅★時給1,100円","飲食・フード系 / フードデリバリースタッフ","時給1100円","株式会社城商事","12/5～【17:00～22:00 / 実働5時間】","12/5","17:00","22:00"
"ガスト　野田店★フードデリバリー★三輪原付スクーター★日払い（翌日振込み）★愛宕(千葉県)駅★時給1,125円","飲食・フード系 / フードデリバリースタッフ","時給1125円","株式会社すかいらーくレストランツ","12/6～【11:00～16:30 / 実働4時間】","12/6","11:00","16:30"
"ガスト　野田店★フードデリバリー★三輪原付スクーター★日払い（翌日振込み）★愛宕(千葉県)駅★時給1,125円","飲食・フード系 / フードデリバリースタッフ","時給1125円","株式会社すかいらーくレストランツ","12/8～【11:00～16:30 / 実働4時間】","12/8","11:00","16:30"
"ガスト　野田店★フードデリバリー★三輪原付スクーター★日払い（翌日振込み）★愛宕(千葉県)駅★時給1,125円","飲食・フード系 / フードデリバリースタッフ","時給1125円","株式会社すかいらーくレストランツ","12/18～【11:00～16:30 / 実働4時間】","12/18","11:00","16:30"
"ガスト　野川店★フードデリバリー★三輪原付スクーター★日払い（翌日振込み）★武蔵新城駅★時給1,151円","飲食・フード系 / フードデリバリースタッフ","時給1151円","株式会社すかいらーくレストランツ","12/9～【17:00～21:00 / 実働4時間】","12/9","17:00","21:00"
"ガスト　物井店★フードデリバリー★三輪原付スクーター★日払い（翌日振込み）★物井駅★時給1,075円","飲食・フード系 / フードデリバリースタッフ","時給1075円","株式会社すかいらーくレストランツ","12/13～【17:00～21:00 / 実働4時間】","12/13","17:00","21:00"
"ガスト　物井店★フードデリバリー★三輪原付スクーター★日払い（翌日振込み）★物井駅★時給1,075円","飲食・フード系 / フードデリバリースタッフ","時給1075円","株式会社すかいらーくレストランツ","12/19～【17:00～21:00 / 実働4時間】","12/19","17:00","21:00"
"ガスト　物井店★フードデリバリー★三輪原付スクーター★日払い（翌日振込み）★物井駅★時給1,075円","飲食・フード系 / フードデリバリースタッフ","時給1075円","株式会社すかいらーくレストランツ","12/20～【17:00～21:00 / 実働4時間】","12/20","17:00","21:00"
"ドミノ・ピザ　四街道店★フードデリバリー★原付スクーター★日払い（当日手渡し）★四街道駅★時給1,100円","飲食・フード系 / フードデリバリースタッフ","時給1100円","株式会社ドラセナ","12/6～【17:00～21:00 / 実働4時間】","12/6","17:00","21:00"
"至高のとんかつ　美味亭★フードデリバリー★三輪ミニカー（要普免）★日払い（当日手渡し）★田町(東京都)駅★時給1,100円","飲食・フード系 / フードデリバリースタッフ","時給1100円","株式会社鉄丸","12/1～【17:00～22:00 / 実働5時間】","12/1","17:00","22:00"
"出前館　町田店★フードデリバリー★三輪原付スクーター★日払い（翌日振込み）★矢部駅★時給1,020円","飲食・フード系 / フードデリバリースタッフ","時給1020円","株式会社出前館","12/1～【11:00～15:00 / 実働4時間】","12/1","11:00","15:00"
"出前館　町田店★フードデリバリー★三輪原付スクーター★日払い（翌日振込み）★矢部駅★時給1,020円","飲食・フード系 / フードデリバリースタッフ","時給1020円","株式会社出前館","12/2～【17:00～21:00 / 実働4時間】","12/2","17:00","21:00"
"かさねや　仙川店★フードデリバリー★三輪原付スクーター★日払い（当日手渡し）★仙川駅★時給1,150円","飲食・フード系 / フードデリバリースタッフ","時給1150円","株式会社SBIC","12/9～【17:00～22:00 / 実働5時間】","12/9","17:00","22:00"
"かさねや　仙川店★フードデリバリー★三輪原付スクーター★日払い（当日手渡し）★仙川駅★時給1,150円","飲食・フード系 / フードデリバリースタッフ","時給1150円","株式会社SBIC","12/12～【17:00～22:00 / 実働5時間】","12/12","17:00","22:00"
"ピザハット　五井店★フードデリバリー★原付スクーター★日払い（当日手渡し）★五井駅★時給1,200円","飲食・フード系 / フードデリバリースタッフ","時給1200円","株式会社LIBERO","12/31～【11:00～20:00 / 実働8時間】","12/31","11:00","20:00"
"KEN★フードデリバリー★スーパーカブ（125cc以下）★日払い（当日手渡し）★代々木駅★時給1,250円","飲食・フード系 / フードデリバリースタッフ","時給1250円","有限会社依田商事","12/14～【10:00～14:30 / 実働4時間】","12/14","10:00","14:30"
"ガスト　西寺尾店★フードデリバリー★三輪原付スクーター★日払い（翌日振込み）★大口駅★時給1,162円","飲食・フード系 / フードデリバリースタッフ","時給1162円","株式会社すかいらーくレストランツ","12/10～【17:00～21:00 / 実働4時間】","12/10","17:00","21:00"
"築地天ぴん　熊谷店★フードデリバリー★三輪原付スクーター★日払い（当日手渡し）★熊谷駅★時給950円","飲食・フード系 / フードデリバリースタッフ","時給950円","築地天ぴん","12/6～【17:00～21:00 / 実働4時間】","12/6","17:00","21:00"
"ガスト　鳩ケ谷店★フードデリバリー★三輪原付スクーター★日払い（翌日振込み）★鳩ケ谷駅★時給1,030円","飲食・フード系 / フードデリバリースタッフ","時給1030円","株式会社すかいらーくレストランツ","12/6～【17:00～21:00 / 実働4時間】","12/6","17:00","21:00"
"ラジャヴェッタ　洗足店★フードデリバリー★三輪原付スクーター★日払い（翌日振込み）★北千束駅★時給1,100円 /深夜1,375円","飲食・フード系 / フードデリバリースタッフ","時給1100円","有限会社ラジャヴェッタ","12/28～【11:30～22:30 / 実働10時間】","12/28","11:30","22:30"
"ラジャヴェッタ　洗足店★フードデリバリー★三輪原付スクーター★日払い（翌日振込み）★北千束駅★時給1,100円 /深夜1,375円","飲食・フード系 / フードデリバリースタッフ","時給1100円","有限会社ラジャヴェッタ","1/2～【11:30～22:30 / 実働10時間】","1/2","11:30","22:30"
"ガスト　厚木恩名店★フードデリバリー★三輪原付スクーター★日払い（翌日振込み）★本厚木駅★時給1,122円","飲食・フード系 / フードデリバリースタッフ","時給1122円","株式会社すかいらーくレストランツ","12/24～【17:00～21:00 / 実働4時間】","12/24","17:00","21:00"
"ドミノ・ピザ　古河第六小学校前店★フードデリバリー★原付スクーター★日払い（当日手渡し）★古河駅★時給950円","飲食・フード系 / フードデリバリースタッフ","時給950円","ドミノ・ピザ","12/3～【10:00～15:00 / 実働5時間】","12/3","10:00","15:00"
"ドミノ・ピザ　古河第六小学校前店★フードデリバリー★原付スクーター★日払い（当日手渡し）★古河駅★時給950円","飲食・フード系 / フードデリバリースタッフ","時給950円","ドミノ・ピザ","12/3～【11:00～20:00 / 実働7時間】","12/3","11:00","20:00"
"ドミノ・ピザ　古河第六小学校前店★フードデリバリー★原付スクーター★日払い（当日手渡し）★古河駅★時給950円","飲食・フード系 / フードデリバリースタッフ","時給950円","ドミノ・ピザ","12/4～【10:00～15:00 / 実働5時間】","12/4","10:00","15:00"
"ドミノ・ピザ　古河第六小学校前店★フードデリバリー★原付スクーター★日払い（当日手渡し）★古河駅★時給950円","飲食・フード系 / フードデリバリースタッフ","時給950円","ドミノ・ピザ","12/5～【11:00～20:00 / 実働7時間】","12/5","11:00","20:00"
"ドミノ・ピザ　古河第六小学校前店★フードデリバリー★原付スクーター★日払い（当日手渡し）★古河駅★時給950円","飲食・フード系 / フードデリバリースタッフ","時給950円","ドミノ・ピザ","12/6～【10:00～15:00 / 実働5時間】","12/6","10:00","15:00"
"ドミノ・ピザ　古河第六小学校前店★フードデリバリー★原付スクーター★日払い（当日手渡し）★古河駅★時給950円 /深夜1,188円","飲食・フード系 / フードデリバリースタッフ","時給950円","ドミノ・ピザ","12/18～【18:00～00:30 / 実働5時間】","12/18","18:00","00:30"
"ドミノ・ピザ　古河第六小学校前店★フードデリバリー★原付スクーター★日払い（当日手渡し）★古河駅★時給950円","飲食・フード系 / フードデリバリースタッフ","時給950円","ドミノ・ピザ","12/25～【11:00～20:00 / 実働7時間】","12/25","11:00","20:00"
"ドミノ・ピザ　古河第六小学校前店★フードデリバリー★原付スクーター★日払い（当日手渡し）★古河駅★時給950円","飲食・フード系 / フードデリバリースタッフ","時給950円","ドミノ・ピザ","12/26～【10:00～15:00 / 実働5時間】","12/26","10:00","15:00"
"ドミノ・ピザ　古河第六小学校前店★フードデリバリー★原付スクーター★日払い（当日手渡し）★古河駅★時給950円 /深夜1,188円","飲食・フード系 / フードデリバリースタッフ","時給950円","ドミノ・ピザ","12/26～【18:00～00:30 / 実働5時間】","12/26","18:00","00:30"
"ドミノ・ピザ　古河第六小学校前店★フードデリバリー★原付スクーター★日払い（当日手渡し）★古河駅★時給950円","飲食・フード系 / フードデリバリースタッフ","時給950円","ドミノ・ピザ","1/2～【11:00～20:00 / 実働7時間】","1/2","11:00","20:00"
"ガスト　野田店★フードデリバリー★三輪原付スクーター★日払い（翌日振込み）★愛宕(千葉県)駅★時給1,125円","飲食・フード系 / フードデリバリースタッフ","時給1125円","株式会社すかいらーくレストランツ","12/14～【11:00～16:30 / 実働4時間】","12/14","11:00","16:30"
"ガスト　尻手駅前店★フードデリバリー★三輪原付スクーター★日払い（翌日振込み）★尻手駅★時給1,212円","飲食・フード系 / フードデリバリースタッフ","時給1212円","株式会社すかいらーくレストランツ","12/5～【18:00～21:00 / 実働3時間】","12/5","18:00","21:00"
"ピザーラ　川崎店★フードデリバリー★三輪原付スクーター★日払い（当日手渡し）★鈴木町駅★時給1,150円","飲食・フード系 / フードデリバリースタッフ","時給1150円","株式会社ウイングレット","12/5～【16:00～21:30 / 実働5時間】","12/5","16:00","21:30"
"ピザーラ　川崎店★フードデリバリー★三輪原付スクーター★日払い（当日手渡し）★鈴木町駅★時給1,200円","飲食・フード系 / フードデリバリースタッフ","時給1200円","株式会社ウイングレット","12/6～【11:00～20:30 / 実働8時間】","12/6","11:00","20:30"
"カレーハウスCoCo壱番屋　JR北赤羽駅前店★フードデリバリー★原付スクーター★日払い（当日手渡し）★北赤羽駅★時給1,050円","飲食・フード系 / フードデリバリースタッフ","時給1050円","カレーハウスCoCo壱番屋","12/11～【11:00～15:00 / 実働4時間】","12/11","11:00","15:00"
"ガスト　さいたま山崎店★フードデリバリー★三輪原付スクーター★日払い（翌日振込み）★与野駅★時給1,100円","飲食・フード系 / フードデリバリースタッフ","時給1100円","株式会社すかいらーくレストランツ","12/5～【17:00～21:00 / 実働4時間】","12/5","17:00","21:00"
"ガスト　さいたま山崎店★フードデリバリー★三輪原付スクーター★日払い（翌日振込み）★与野駅★時給1,100円","飲食・フード系 / フードデリバリースタッフ","時給1100円","株式会社すかいらーくレストランツ","12/13～【11:00～15:00 / 実働4時間】","12/13","11:00","15:00"
"かさねや　あざみ野店★フードデリバリー★三輪原付スクーター★日払い（当日手渡し）★あざみ野駅★時給1,150円","飲食・フード系 / フードデリバリースタッフ","時給1150円","かさねや","12/6～【17:00～21:00 / 実働4時間】","12/6","17:00","21:00"
"かさねや　あざみ野店★フードデリバリー★三輪原付スクーター★日払い（当日手渡し）★あざみ野駅★時給1,100円","飲食・フード系 / フードデリバリースタッフ","時給1100円","かさねや","12/3～【11:00～15:00 / 実働4時間】","12/3","11:00","15:00"
"ドミノ・ピザ　我孫子若松店★フードデリバリー★原付スクーター★日払い（当日手渡し）★我孫子駅★時給1,100円","飲食・フード系 / フードデリバリースタッフ","時給1100円","ドミノ・ピザ","12/6～【11:00～21:00 / 実働8時間】","12/6","11:00","21:00"
"出前館　川崎店★フードデリバリー★三輪原付スクーター★日払い（翌日振込み）★鶴見市場駅★時給1,200円","飲食・フード系 / フードデリバリースタッフ","時給1200円","株式会社出前館","12/6～【12:00～21:00 / 実働7時間】","12/6","12:00","21:00"
"BURGER PRODUCTS　横浜都筑店★フードデリバリー★原付スクーター★日払い（当日手渡し）★センター南駅★時給1,100円","飲食・フード系 / フードデリバリースタッフ","時給1100円","BURGER","12/1～【18:00～22:00 / 実働4時間】","12/1","18:00","22:00"
"ドミノ・ピザ　桜台店★フードデリバリー★原付スクーター★日払い（翌日振込み）★新桜台駅★時給1,120円","飲食・フード系 / フードデリバリースタッフ","時給1120円","株式会社ドミノ・ピザ","12/12～【16:30～21:00 / 実働4時間】","12/12","16:30","21:00"
"ドミノ・ピザ　桜台店★フードデリバリー★原付スクーター★日払い（翌日振込み）★新桜台駅★時給1,120円","飲食・フード系 / フードデリバリースタッフ","時給1120円","株式会社ドミノ・ピザ","12/23～【16:30～21:00 / 実働4時間】","12/23","16:30","21:00"
"ドミノ・ピザ　桜台店★フードデリバリー★原付スクーター★日払い（翌日振込み）★新桜台駅★時給1,120円","飲食・フード系 / フードデリバリースタッフ","時給1120円","株式会社ドミノ・ピザ","12/27～【10:30～15:00 / 実働4時間】","12/27","10:30","15:00"
"ドミノ・ピザ　桜台店★フードデリバリー★原付スクーター★日払い（翌日振込み）★新桜台駅★時給1,120円","飲食・フード系 / フードデリバリースタッフ","時給1120円","株式会社ドミノ・ピザ","12/12～【10:30～15:00 / 実働4時間】","12/12","10:30","15:00"
"出前館　石神井公園店★フードデリバリー★三輪原付スクーター★日払い（翌日振込み）★保谷駅★時給1,020円","飲食・フード系 / フードデリバリースタッフ","時給1020円","株式会社出前館","12/5～【17:00～21:30 / 実働4時間】","12/5","17:00","21:30"
"ドミノ・ピザ　東十条店★フードデリバリー★原付スクーター★日払い（翌日振込み）★王子神谷駅★時給1,120円","飲食・フード系 / フードデリバリースタッフ","時給1120円","株式会社ドミノ・ピザ","12/11～【16:30～21:00 / 実働4時間】","12/11","16:30","21:00"
"ドミノ・ピザ　東十条店★フードデリバリー★原付スクーター★日払い（翌日振込み）★王子神谷駅★時給1,120円","飲食・フード系 / フードデリバリースタッフ","時給1120円","株式会社ドミノ・ピザ","12/20～【16:30～21:00 / 実働4時間】","12/20","16:30","21:00"
"ドミノ・ピザ　東十条店★フードデリバリー★原付スクーター★日払い（翌日振込み）★王子神谷駅★時給1,120円","飲食・フード系 / フードデリバリースタッフ","時給1120円","株式会社ドミノ・ピザ","12/23～【16:30～21:00 / 実働4時間】","12/23","16:30","21:00"
"《急募》バイク♪【高時給1400円＋交通費】新宿でオフィスのお菓子補充","運送・ドライバー系 / ドライバー","時給1400円","株式会社ソフィアマックス","12/3～【09:00～16:30 / 実働6時間30分】","12/3","09:00","16:30"
"早目の安心年末年始シフト予約　戸部駅、桜木町どちらからも徒歩１０分毎日お給料日　日払い対応","飲食・フード系 / フードデリバリースタッフ","時給1300円","株式会社コメドール","12/24～【12:00～21:00 / 実働8時間】","12/24","12:00","21:00"
"★高時給1,500円★現地払い相談可能★倉庫内でのフォーク作業★","倉庫内・軽作業系 / フォークリフトオペレーター","時給1500円","株式会社インパクト","12/4～【08:00～17:00 / 実働8時間】","12/4","08:00","17:00"
"時給１３５０円 ☆ 倉庫内フォークリフト作業【東京テレポート駅より無料送迎】","倉庫内・軽作業系 / フォークリフトオペレーター","時給1350円","株式会社ワークブレイン","12/3～【09:00～18:00 / 実働8時間】","12/3","09:00","18:00"
"【 日払いOK 】時給１４００円！ コピー用紙などを運ぶリーチフォークオペレーター募集!!","倉庫内・軽作業系 / フォークリフトオペレーター","時給1400円","株式会社ワークブレイン","12/3～【09:00～18:15 / 実働8時間】","12/3","09:00","18:15"
"【デリバリークルー募集！！】お弁当を東京12区内にお届け致します！！経験者求人！","運送・ドライバー系 / デリバリー・配送補助","時給1050円","株式会社ウィルオブ・ワーク","12/2～【10:30～15:30 / 実働4時間30分】","12/2","10:30","15:30"
"【翌日全額日払】高収入！日用品のフォークリフト入出荷作業","倉庫内・軽作業系 / フォークリフトオペレーター","日給14250円","株式会社ゼロケイ","12/7～【21:00～06:00 / 実働8時間】","12/7","21:00","06:00"
"【全額日払い可】ネット通販倉庫のリーチフォークリフトオペレーター","運送・ドライバー系 / フォークリフトオペレーター","日給11666円","株式会社ゼロケイ","12/7～【20:00～05:00 / 実働8時間】","12/7","20:00","05:00"
"車・バイク通勤ＯＫ！！倉庫内でのリーチフォーク作業等★","倉庫内・軽作業系 / フォークリフトオペレーター","時給1500円","株式会社インパクト","12/4～【09:00～18:00 / 実働8時間】","12/4","09:00","18:00"
"日払いＯＫ♪人気の配送助手☆時給1020円＆交通費一部支給☆","運送・ドライバー系 / デリバリー・配送補助","時給1020円","株式会社アシスト","12/3～【09:15～16:15 / 実働6時間】","12/3","09:15","16:15"
"日払いＯＫ♪人気の配送助手☆時給1020円＆交通費一部支給☆","運送・ドライバー系 / デリバリー・配送補助","時給1020円","株式会社アシスト","12/3～【09:15～17:15 / 実働7時間】","12/3","09:15","17:15"
"日払いＯＫ♪人気の配送助手☆時給1020円＆交通費一部支給☆","運送・ドライバー系 / デリバリー・配送補助","時給1020円","株式会社アシスト","12/3～【09:00～16:00 / 実働6時間】","12/3","09:00","16:00"
"日払いＯＫ♪人気の配送助手☆時給1020円＆交通費一部支給☆","運送・ドライバー系 / デリバリー・配送補助","時給1020円","株式会社アシスト","12/3～【08:30～15:30 / 実働6時間】","12/3","08:30","15:30"
"日払いＯＫ♪人気の配送助手☆時給1020円＆交通費一部支給☆","運送・ドライバー系 / デリバリー・配送補助","時給1020円","株式会社アシスト","12/3～【08:45～15:45 / 実働6時間】","12/3","08:45","15:45"
"日払いＯＫ♪人気の配送助手☆時給1020円＆交通費一部支給☆","運送・ドライバー系 / デリバリー・配送補助","時給1020円","株式会社アシスト","12/3～【09:30～16:30 / 実働6時間】","12/3","09:30","16:30"
"日払いＯＫ♪人気の配送助手☆時給1020円＆交通費一部支給☆","運送・ドライバー系 / デリバリー・配送補助","時給1020円","株式会社アシスト","12/3～【09:00～16:00 / 実働6時間】","12/3","09:00","16:00"
"日払いＯＫ♪人気の配送助手☆時給1020円＆交通費一部支給☆","運送・ドライバー系 / デリバリー・配送補助","時給1020円","株式会社アシスト","12/3～【08:30～15:30 / 実働6時間】","12/3","08:30","15:30"
"日払いＯＫ♪人気の配送助手☆時給1020円＆交通費一部支給☆","運送・ドライバー系 / デリバリー・配送補助","時給1020円","株式会社アシスト","12/3～【09:00～16:00 / 実働6時間】","12/3","09:00","16:00"
"日給15000円以上！☆現地日払可☆！★大田区3ｔ箱車ドライバー★","運送・ドライバー系 / ドライバー","日給15000円","株式会社インパクト","12/4～【07:30～16:30 / 実働8時間】","12/4","07:30","16:30"
"日払いＯＫ♪人気の配送助手☆時給1020円＆交通費一部支給☆","運送・ドライバー系 / デリバリー・配送補助","時給1020円","株式会社アシスト","12/3～【09:30～17:30 / 実働7時間】","12/3","09:30","17:30"
"早目の安心年末シフト予約　戸部駅から徒歩１0分毎日お給料日　日払い対応","飲食・フード系 / フードデリバリースタッフ","時給1300円","株式会社コメドール","12/24～【10:30～20:00 / 実働8時間】","12/24","10:30","20:00"
"★4hで6000円【東新宿】週2日/車で都内飲食店へのルート配送♪","運送・ドライバー系 / その他ドライバー・配送系","日給6000円","株式会社ソフィアマックス","12/5～【07:30～11:30 / 実働4時間】","12/5","07:30","11:30"
"早目の安心年末年始シフト予約　鮫洲駅から徒歩5分大井町駅徒歩15分　毎日お給料日日払い対応","飲食・フード系 / フードデリバリースタッフ","時給1300円","株式会社コメドール","1/1～【09:00～17:00 / 実働7時間】","1/1","09:00","17:00"
"早目の安心年末シフト予約　入谷駅から徒歩１０分毎日お給料日　日払い対応","飲食・フード系 / フードデリバリースタッフ","時給1300円","株式会社コメドール","12/24～【10:30～20:00 / 実働8時間】","12/24","10:30","20:00"
"鮫洲駅からすぐ大井町からも徒歩１０分毎日お給料日　日払い対応","飲食・フード系 / フードデリバリースタッフ","時給1100円","株式会社コメドール","12/4～【11:00～20:00 / 実働8時間】","12/4","11:00","20:00"
"石川台駅降りたら改札出て右に徒歩１分　嬉しいお給料日払い対応　デリバリー経験者歓迎","飲食・フード系 / フードデリバリースタッフ","時給1100円","株式会社コメドール","12/12～【10:00～19:00 / 実働8時間】","12/12","10:00","19:00"
"早目の安心年末年始シフト予約　戸部駅、桜木町どちらからも徒歩１０分毎日お給料日　日払い対応","飲食・フード系 / フードデリバリースタッフ","時給1300円","株式会社コメドール","12/29～【11:00～20:00 / 実働8時間】","12/29","11:00","20:00"
"早目の安心年末年始シフト予約　戸部駅、桜木町どちらからも徒歩１０分毎日お給料日　日払い対応","飲食・フード系 / フードデリバリースタッフ","時給1300円","株式会社コメドール","12/28～【16:00～22:00 / 実働6時間】","12/28","16:00","22:00"
"早目の安心年末年始シフト予約　鮫洲駅から徒歩5分大井町駅徒歩15分　毎日お給料日日払い対応","飲食・フード系 / フードデリバリースタッフ","時給1300円","株式会社コメドール","1/1～【10:00～18:00 / 実働7時間】","1/1","10:00","18:00"
"早目の安心年末年始シフト予約　鮫洲駅から徒歩5分大井町駅徒歩15分　毎日お給料日日払い対応","飲食・フード系 / フードデリバリースタッフ","時給1300円","株式会社コメドール","12/31～【09:00～18:00 / 実働8時間】","12/31","09:00","18:00"
"毎日お給料日　日払い当日手渡し対応　菊名駅からすぐあなたの笑顔も一緒に配達してください！","飲食・フード系 / フードデリバリースタッフ","時給1100円","株式会社コメドール","12/7～【18:00～22:00 / 実働4時間】","12/7","18:00","22:00"
"毎日お給料日　日払い当日手渡し対応　菊名駅からすぐあなたの笑顔も一緒に配達してください！","飲食・フード系 / フードデリバリースタッフ","時給1100円","株式会社コメドール","12/11～【11:00～20:00 / 実働8時間】","12/11","11:00","20:00"
"早目の安心年末年始シフト予約　鮫洲駅から徒歩5分大井町駅徒歩15分　毎日お給料日日払い対応","飲食・フード系 / フードデリバリースタッフ","時給1300円","株式会社コメドール","12/24～【10:00～19:00 / 実働8時間】","12/24","10:00","19:00"
"早目の安心年末年始シフト予約　石川台駅から徒歩１分毎日お給料日　日払い対応","飲食・フード系 / フードデリバリースタッフ","時給1300円","株式会社コメドール","12/31～【10:00～19:00 / 実働8時間】","12/31","10:00","19:00"
"早目の安心年末年始シフト予約　石川台駅から徒歩１分走れば30秒　毎日お給料日　日払い対応","飲食・フード系 / フードデリバリースタッフ","時給1300円","株式会社コメドール","12/26～【11:00～20:00 / 実働8時間】","12/26","11:00","20:00"
"毎日お給料日　日払い当日手渡し対応　菊名駅からすぐあなたの笑顔も一緒に配達してください！","飲食・フード系 / フードデリバリースタッフ","時給1100円","株式会社コメドール","12/14～【10:30～19:30 / 実働8時間】","12/14","10:30","19:30"
"早目の安心年末年始シフト予約　鮫洲駅から徒歩5分大井町駅徒歩15分　毎日お給料日日払い対応","飲食・フード系 / フードデリバリースタッフ","時給1300円","株式会社コメドール","12/29～【17:00～22:00 / 実働5時間】","12/29","17:00","22:00"
"早目の安心年末年始シフト予約　戸部駅、桜木町どちらからも徒歩１０分毎日お給料日　日払い対応","飲食・フード系 / フードデリバリースタッフ","時給1300円","株式会社コメドール","1/1～【10:00～19:00 / 実働8時間】","1/1","10:00","19:00"
"早目の安心年始シフト予約　両国駅から徒歩１0分毎日お給料日　日払い対応","飲食・フード系 / フードデリバリースタッフ","時給1300円","株式会社コメドール","1/1～【10:00～19:00 / 実働8時間】","1/1","10:00","19:00"
"早目の安心年末年始シフト予約　戸部駅、桜木町どちらからも徒歩１０分毎日お給料日　日払い対応","飲食・フード系 / フードデリバリースタッフ","時給1300円","株式会社コメドール","12/31～【09:00～18:00 / 実働8時間】","12/31","09:00","18:00"
"早目の安心年末年始シフト予約　石川台駅から徒歩１分走れば30秒　毎日お給料日　日払い対応","飲食・フード系 / フードデリバリースタッフ","時給1300円","株式会社コメドール","12/31～【09:00～18:00 / 実働8時間】","12/31","09:00","18:00"
"毎日お給料日　日払い当日手渡し対応　菊名駅からすぐあなたの笑顔も一緒に配達してください！","飲食・フード系 / フードデリバリースタッフ","時給1100円","株式会社コメドール","12/12～【10:00～19:00 / 実働8時間】","12/12","10:00","19:00"
"早目の安心年末年始シフト予約　戸部駅、桜木町どちらからも徒歩１０分毎日お給料日　日払い対応","飲食・フード系 / フードデリバリースタッフ","時給1300円","株式会社コメドール","12/31～【10:00～19:00 / 実働8時間】","12/31","10:00","19:00"
"早目の安心年末シフト予約　両国駅から徒歩１0分毎日お給料日　日払い対応","飲食・フード系 / フードデリバリースタッフ","時給1300円","株式会社コメドール","12/24～【10:30～20:00 / 実働8時間】","12/24","10:30","20:00"
"早目の安心年末シフト予約　菊名駅から徒歩5分毎日お給料日　日払い対応","飲食・フード系 / フードデリバリースタッフ","時給1300円","株式会社コメドール","12/24～【10:30～20:00 / 実働8時間】","12/24","10:30","20:00"
"早目の安心年末年始シフト予約　菊名駅から徒歩5分毎日お給料日　日払い対応","飲食・フード系 / フードデリバリースタッフ","時給1300円","株式会社コメドール","12/28～【10:00～20:00 / 実働8時間】","12/28","10:00","20:00"
"早目の安心年末年始シフト予約　両国駅から徒歩１0分毎日お給料日　日払い対応","飲食・フード系 / フードデリバリースタッフ","時給1300円","株式会社コメドール","12/30～【10:30～20:00 / 実働8時間】","12/30","10:30","20:00"
"毎日お給料日　日払い当日手渡し対応　菊名駅からすぐあなたの笑顔も一緒に配達してください！","飲食・フード系 / フードデリバリースタッフ","時給1100円","株式会社コメドール","12/3～【18:00～22:00 / 実働4時間】","12/3","18:00","22:00"
"毎日お給料日　日払い当日手渡し対応　菊名駅からすぐあなたの笑顔も一緒に配達してください！","飲食・フード系 / フードデリバリースタッフ","時給1100円","株式会社コメドール","12/5～【17:00～22:00 / 実働5時間】","12/5","17:00","22:00"
"早目の安心年末シフト予約　鮫洲駅からすぐ大井町からも徒歩１０分毎日お給料日　日払い対応","飲食・フード系 / フードデリバリースタッフ","時給1300円","株式会社コメドール","12/24～【10:30～20:00 / 実働8時間】","12/24","10:30","20:00"
"早目の安心年末年始シフト予約　鮫洲駅から徒歩5分大井町駅徒歩15分　毎日お給料日日払い対応","飲食・フード系 / フードデリバリースタッフ","時給1300円","株式会社コメドール","12/29～【16:00～22:00 / 実働6時間】","12/29","16:00","22:00"
"毎日お給料日　日払い当日手渡し対応　菊名駅からすぐあなたの笑顔も一緒に配達してください！","飲食・フード系 / フードデリバリースタッフ","時給1100円","株式会社コメドール","12/5～【10:30～20:00 / 実働8時間】","12/5","10:30","20:00"
"早目の安心年末年始シフト予約　戸部駅、桜木町どちらからも徒歩１０分毎日お給料日　日払い対応","飲食・フード系 / フードデリバリースタッフ","時給1300円","株式会社コメドール","12/28～【10:00～19:00 / 実働8時間】","12/28","10:00","19:00"
"石川台駅降りたら改札出て右に徒歩１分　嬉しいお給料日払い対応　デリバリー経験者歓迎","飲食・フード系 / フードデリバリースタッフ","時給1100円","株式会社コメドール","12/5～【11:00～20:00 / 実働8時間】","12/5","11:00","20:00"
"早目の安心年末年始シフト予約　両国駅から徒歩１0分毎日お給料日　日払い対応","飲食・フード系 / フードデリバリースタッフ","時給1300円","株式会社コメドール","12/29～【10:00～19:00 / 実働8時間】","12/29","10:00","19:00"
"早目の安心年末年始シフト予約　石川台駅から徒歩１分走れば30秒　毎日お給料日　日払い対応","飲食・フード系 / フードデリバリースタッフ","時給1300円","株式会社コメドール","12/24～【11:00～20:00 / 実働8時間】","12/24","11:00","20:00"
"早目の安心年末シフト予約　石川台駅から徒歩１分毎日お給料日　日払い対応","飲食・フード系 / フードデリバリースタッフ","時給1300円","株式会社コメドール","12/24～【10:30～20:00 / 実働8時間】","12/24","10:30","20:00"
"早目の安心年末年始シフト予約　石川台駅から徒歩１分走れば30秒　毎日お給料日　日払い対応","飲食・フード系 / フードデリバリースタッフ","時給1300円","株式会社コメドール","12/30～【16:00～22:00 / 実働6時間】","12/30","16:00","22:00"
"早目の安心年始年末シフト予約　菊名駅から徒歩5分毎日お給料日　日払い対応","飲食・フード系 / フードデリバリースタッフ","時給1300円","株式会社コメドール","12/28～【10:00～19:00 / 実働8時間】","12/28","10:00","19:00"
"早目の安心年末年始シフト予約　鮫洲駅からすぐ大井町からも徒歩１０分毎日お給料日　日払い対応","飲食・フード系 / フードデリバリースタッフ","時給1300円","株式会社コメドール","12/24～【12:00～21:00 / 実働8時間】","12/24","12:00","21:00"
"早目の安心年末年始シフト予約　石川台駅から徒歩１分走れば30秒　毎日お給料日　日払い対応","飲食・フード系 / フードデリバリースタッフ","時給1300円","株式会社コメドール","12/31～【10:00～19:00 / 実働8時間】","12/31","10:00","19:00"
"早目の安心年末年始シフト予約　戸部駅、桜木町どちらからも徒歩１０分毎日お給料日　日払い対応","飲食・フード系 / フードデリバリースタッフ","時給1300円","株式会社コメドール","12/31～【11:00～20:00 / 実働8時間】","12/31","11:00","20:00"
"毎日お給料日　日払い当日手渡し対応　菊名駅からすぐあなたの笑顔も一緒に配達してください！","飲食・フード系 / フードデリバリースタッフ","時給1100円","株式会社コメドール","12/7～【17:00～22:00 / 実働5時間】","12/7","17:00","22:00"
"早目の安心年末年始シフト予約　石川台駅から徒歩１分走れば30秒　毎日お給料日　日払い対応","飲食・フード系 / フードデリバリースタッフ","時給1300円","株式会社コメドール","12/31～【16:00～22:00 / 実働6時間】","12/31","16:00","22:00"
"早目の安心年末年始シフト予約　戸部駅、桜木町どちらからも徒歩１０分毎日お給料日　日払い対応","飲食・フード系 / フードデリバリースタッフ","時給1300円","株式会社コメドール","12/31～【17:00～22:00 / 実働5時間】","12/31","17:00","22:00"
"早目の安心年末年始シフト予約　鮫洲駅から徒歩5分大井町駅徒歩15分　毎日お給料日日払い対応","飲食・フード系 / フードデリバリースタッフ","時給1300円","株式会社コメドール","12/30～【18:00～22:00 / 実働4時間】","12/30","18:00","22:00"
"毎日お給料日　日払い当日手渡し対応　菊名駅からすぐあなたの笑顔も一緒に配達してください！","飲食・フード系 / フードデリバリースタッフ","時給1100円","株式会社コメドール","12/5～【17:00～22:00 / 実働5時間】","12/5","17:00","22:00"
